100,"とうろく"
101,"オッケー"
102,"もどる"
103,"オッケー"
104,"もどる"
105,"スタート"
106,"あそびかた"
107,"スタート"
108,"つぎへ"
109,"あそびかた"
110,"もどる"
111,"スタート"
112,"もどる"
113,"オッケー"
114,"あそびかた"
115,"{{N}}まいの"
,"{{I}}を"
,"かいますか？"
116,"いいえ"
117,"はい"
118,"{{T}}"
119,"{{I}}をかいました！"
120,"Ok"
121,"すでにもっているアイテムです"
122,"Ok"
123,"おかねがたりません"
124,"Ok"
125,"{{N}}"
126,"Ok"
127,"{{N}}"
128,"ショップにあたらしい"
,"アイテムがふえました"
129,"オッケー"
130,"すべてのプレイヤーがさんかしていません"
,"よろしいですか？"
131,"いいえ"
132,"はい"
133,"Wiiリモコンのペンギンを"
,"{{C160,0,0}}さくじょ{{C}}しますか？"
134,"いいえ"
135,"はい"
136,"Wiiにおなじペンギンが"
,"のこっていないと"
,"ペンギンをもどせません"
,"Wiiのペンギンを"
,"けさないでください"
137,"オッケー"
138,"おなじペンギンが"
,"Wiiにいます"
,"{{C160,0,0}}うわがき{{C}}しますか？"
139,"いいえ"
140,"はい"
141,"あつめた{{C160,0,0}}コイン{{C}}や"
,"{{C160,0,0}}アイテム{{C}}もペンギンと"
,"いっしょにもちかえる"
,"ことができます"
,"おぼえておいてください"
142,"オッケー"
143,"ゲームをはじめから"
,"やりなおします。"
,"よろしいですか？"
144,"いいえ"
145,"はい"
146,"ゲームをやめて"
,"しまにもどります。"
,"よろしいですか？"
147,"いいえ"
148,"はい"
149,"{{C160,0,0}}{{T}}{{C}}を"
,"しゅうりょうしますか？"
150,"いいえ"
151,"はい"
152,"{{C160,0,0}}{{T}}{{C}}を"
,"さいしょから"
,"やりなおしますか？"
153,"いいえ"
154,"はい"
155,"{{C160,0,0}}イベンツ{{C}}を"
,"しゅうりょうしますか？"
156,"いいえ"
157,"はい"
158,"{{C160,0,0}}イベンツ{{C}}を"
,"さいしょから"
,"やりなおしますか？"
159,"いいえ"
160,"はい"
161,"{{C160,0,0}}マッチ{{C}}を"
,"しゅうりょうしますか？"
162,"いいえ"
163,"はい"
164,"{{C160,0,0}}マッチ{{C}}を"
,"さいしょから"
,"やりなおしますか？"
165,"いいえ"
166,"はい"
167,"{{C160,0,0}}チャレンジ{{C}}を"
,"しゅうりょうしますか？"
168,"いいえ"
169,"はい"
170,"{{C160,0,0}}チャレンジ{{C}}を"
,"さいしょから"
,"やりなおしますか？"
171,"いいえ"
172,"はい"
173,"Nintendo Wi-Fi"
,"Connectionに"
,"せつぞくします"
,"よろしいですか？"
174,"いいえ"
175,"はい"
176,"Nintendo Wi-Fi"
,"Connectionに"
,"せつぞくしています…"
177,"Nintendo Wi-Fi"
,"Connectionから"
,"せつだんしています…"
178,"CLUB PENGUIN.comに"
,"Wi-Fiせつぞくして"
,"ペンギンを"
,"よびだします"
,"よろしいですか？"
179,"いいえ"
180,"はい"
181,"クラブペンギンの"
,"アカウントを"
,"もっていますか？"
182,"いいえ"
183,"はい"
184,"アカウントを"
,"にんしょうしています…"
,""
,""
,"いちどにんしょうされた"
,"アカウントは"
,"さくじょできません"
185,"アカウントが"
,"にんしょうされました"
186,"オッケー"
187,"アカウントを"
,"にんしょう"
,"できませんでした。"
188,"オッケー"
189,"ペンギンをよびだすには"
,"クラブペンギンの"
,"オンラインアカウントが"
,"ひつようです。"
,"CLUB PENGUIN.comで"
,"アカウントをつくってください。"
190,"オッケー"
191,"コインをアップロード"
,"しています…"
192,"コインのアップロードが"
,"できました！"
193,"オッケー"
194,"コインをアップロード"
,"できませんでした。"
,"ペンギンのなまえと"
,"パスワードを"
,"チェックしてください。"
195,"オッケー"
196,"もどる"
197,"オッケー"
198,"CLUB PENGUIN.comの"
,"ペンギンを"
,"よびだしています…"
199,"ペンギンデータのダウンロードに"
,"しっぱいしました"
200,"オッケー"
201,"おなじなまえの"
,"ペンギンがいるので"
,"シンクできませんでした"
202,"オッケー"
203,"ペンギンデータを"
,"よびだしました"
,"Wi-Fiモードで"
,"CLUB PENGUIN.comと"
,"データのやりとりが"
,"できるようになりました"
204,"オッケー"
205,"{{T}}を"
,"CLUB PENGUIN.comの"
,"ペンギンデータで"
,"うわがきします"
,"Wi-Fiつうしんで"
,"データのやりとりが"
,"できるようになります"
,""
,"よろしいですか？"
206,"いいえ"
207,"はい"
208,"ペンギンデータを"
,"うわがきしています…"
209,"ペンギンデータを"
,"うわがきしました"
,"Wi-Fiモードで"
,"データのやりとりが"
,"できるようになりました"
210,"オッケー"
211,"{{T}}の"
,"データをこうしんします"
,"よろしいですか？"
212,"いいえ"
213,"はい"
214,"ペンギンデータを"
,"こうしんしています…"
215,"ペンギンデータを"
,"こうしんしました"
216,"オッケー"
217,"ゲストペンギン"
218,"ゲストペンギンはペンギンを作らず"
,"すぐに遊べますが、ゲームデータはセーブされません"
219,"オッケー"
220,"ペンギンをつれてこよう"
221,"Wiiリモコンからペンギンを連れてくるコトができます"
,"WiiリモコンへペンギンをTransferする場合はオプション画面で行います"
222,"オッケー"
223,"ハンデ"
224,"Advantageを設定するとゲームに勝ちやすくなります"
225,"オッケー"
226,"クラブペンギンオンラインとの"
,"接続に失敗しました"
227,"オッケー"
228,"ディスクアクセスエラーが"
,"発生したので"
,"ニンテンドーWi-Fiコネクション"
,"から切断しました。"
229,"オッケー"
230,"コインのアップロードに失敗しました。"
231,"オッケー"
232,"1日のアップロード制限を超えたため、コインをアップロードできませんでした。"
233,"オッケー"
234,"ログインエラー"
,"ペンギンのなまえと"
,"パスワードを"
,"チェックしてください。"
235,"オッケー"
236,"プレイヤー認証に失敗しました。"
237,"オッケー"
238,"ゲームシリーズ"
239,"ゴール"
240,"{{C255,255,255}}{{X}}B{{X}}{{C}}"
241,"とじる"
242,"OK"
243,"もどる"
244,"スタート"
245,"1種目でチームグリーンに勝とう！"
246,"1種目でチームブルーに勝とう！"
247,"2種目でチームイエローに勝とう！"
248,"2種目1位以内に入ろう！"
249,"3種目でブルーチームに勝とう！"
250,"全種目でチームブルーに勝とう！"
251,"コインを15枚とろう！"
252,"総合成績で3位以上になろう！"
253,"総合成績で3位以上になろう！"
254,"総合成績で2位以上になろう！"
255,"3種目でチームグリーンに勝とう！"
256,"総合成績で1位になろう！"
257,"300points以上獲得せよ！"
258,"350points以上獲得せよ！"
259,"2種目でチームイエローに勝とう！"
260,"コインを20枚とろう！"
261,"500points以上獲得せよ！"
262,"600points以上獲得せよ！"
263,"1種目2位に入ろう！"
264,"コインを15枚とろう！"
265,"1種目で１位をとろう！"
266,"2種目で１位をとろう！"
267,"3種目で１位をとろう！"
268,"全種目でチームレッドに勝とう！"
269,"次のゲーム"
270,"次のプレイヤー"
271,"他のプレイヤーはリモコンをふっておうえんしよう！"
272,"進む"
273,"Ok"
274,"{{T}}"
275,"{{T}}"
276,"{{T}}"
277,"{{T}}"
278,"{{T}}"
279,"points"
280,"points"
281,"points"
282,"points"
283,"おめでとう"
,"{{T}}"
284,"もういちどやってね！"
285,"アイテム"
286,"{{I}}を"
,"てにいれました。"
287,"Ok"
288,"メインメニュー"
289,"ゲーム"
290,"Nintendo Wi-Fi Connection"
291,"とじる"
292,"ポーズ"
293,"タイトルへ"
294,"Nintendo Wi-Fi Connection"
295,"とじる"
296,"ポーズ"
297,"やりなおす"
298,"島へもどる"
299,"ゲームせつめい"
300,"とじる"
301,"ポーズ"
302,"やりなおす"
303,"島へもどる"
304,"とじる"
305,"ポーズ"
306,"やりなおす"
307,"ゲームをかえる"
308,"ゲームせつめい"
309,"とじる"
310,"ポーズ"
311,"島へもどる"
312,"とじる"
313,"ポーズ"
314,"ゲームをかえる"
315,"とじる"
316,"ポーズ"
317,"やりなおす"
318,"マッチをかえる"
319,"ゲームせつめい"
320,"とじる"
321,"ポーズ"
322,"マッチをかえる"
323,"とじる"
324,"ポーズ"
325,"島へもどる"
326,"ゲームせつめい"
327,"とじる"
328,"とじる"
329,"やりなおす"
330,"島へもどる"
331,"やりなおす"
332,"ゲームをかえる"
333,"やりなおす"
334,"マッチをかえる"
335,"ポーズ"
336,"ストーリーをえらぶ"
337,"ゲームをやめる"
338,"とじる"
339,"ポーズ"
340,"ゲームをやめる"
341,"とじる"
342,"Wiiリモコンメモリに"
,"ペンギンのデータがありません。"
343,"オッケー"
344,"Wiiリモコンにいるペンギンをロードします"
,"かくちょうコントローラの"
,"ぬきさしをしないでください。"
345,"オッケー"
346,"ペンギンオデカケ"
347,"Wiiリモコンから"
,"ペンギンをロードしています"
348,"ペンギンオデカケ"
349,"ペンギンをWiiにもどしました"
350,"オッケー"
351,"このそうさをすると"
,"セーブデータがなくなり"
,"Wiiリモコンのデータがもどせなくなります"
,"よろしいですか？"
352,"いいえ"
353,"はい"
354,"ほんとうによろしいですか？"
355,"いいえ"
356,"はい"
357,"このそうさをすると"
,"セーブデータがなくなります"
,"よろしいですか？"
358,"いいえ"
359,"はい"
360,"ペンギンデータをさくじょしました"
361,"オッケー"
362,"このデータでプレイすると"
,"Wiiリモコンのデータがもどせなくなります"
,"よろしいですか？"
363,"いいえ"
364,"はい"
365,"Wii本体でペンギンを作成しますか？それとも、Wi-Fiを通してオンラインのクラブペンギンで持っているペンギンをダウンロードしますか？"
366,"Wii本体でつくる"
367,"ダウンロード"
368,"このなまえはつけられません"
369,"オッケー"
370,"おなじなまえのペンギンがいます"
,"このなまえはつけられません"
371,"オッケー"
372,"ペンギンをセーブしますか？"
373,"いいえ"
374,"はい"
375,"ストーリーモードはゲストペンギンではなくて、"
,"セーブされたペンギンでしかプレイできません。"
376,"オッケー"
377,"システムデータがないのでWi-Fiは使えません。"
,"ゲームをリセットして、システムデータを作ってください。"
378,"オッケー"
379,"WiiにペンギンがいないとWi-Fiは使えません。"
,"「NEW」のボタンを押してペンギンを作成してください"
380,"オッケー"
381,"Wiiに削除するペンギンがいません"
382,"オッケー"
383,"セーブちゅうです。"
,"でんげんボタン"
,"(やリセットボタン)に"
,"さわらないでください。"
384,"Wii本体保存メモリの"
,"書き込み/読み出しが"
,"できませんでした。"
,"くわしくはWii本体の"
,"取扱説明書をお読みください。"
385,"Wii本体保存メモリの"
,"書き込み/読み出し中に"
,"エラーが発生しました。"
,"くわしくはWii本体の"
,"取扱説明書をお読みくださ"
,"い。"
386,"セーブちゅう…"
387,"セーブちゅう…"
388,"ロード中…"
389,"ファイルを削除しています"
,"電源ボタン(やリセットボタン)にさわらないでください。"
390,"ゲームのデータはセーブされませんよろしいですか？"
391,"いいえ"
392,"はい"
393,"ファイルを削除しました"
394,"オッケー"
395,"システムデータをあたらしく"
,"作っています。"
,"電源ボタン(やリセットボタン)に"
,"さわらないでください。"
396,"Wii本体保存メモリの空き"
,"容量が不足しています。"
,"Wiiメニューのデータ管理"
,"画面でデータをSDカードに"
,"移動するか、データを消去"
,"して1ブロックの空きブロックを用意してください。"
,"Wiiメニュー画面に戻りますか？"
397,"いいえ"
398,"はい"
399,"Wii本体保存メモリの空きファイル数が不足しています。セーブデータ画面でファイルをSDカードに移動するか、ファイルを消去してください。Wiiメニュー画面に戻りますか？"
400,"いいえ"
401,"はい"
402,"データが壊れているため、"
,"このファイルは使用できません。セーブ／ロードなしで続けますか？"
403,"いいえ"
404,"はい"
405,"壊れたファイルを"
,"削除しますか？"
406,"いいえ"
407,"はい"
408,"「Club Penguin Wii」の"
,"セーブファイルをさくせいして"
,"よろしいですか？"
409,"いいえ"
410,"はい"
411,"Wii本体保存メモリをチェックしています…"
412,"Wii本体保存メモリが壊れました。"
,"くわしくはWii本体の"
,"取扱説明書をお読みください。"
413,"The BeachとSki Villageのコンカーに"
,"チャレンジできるようになったよ！"
414,"Ski Hillのコンカーにチャンレジ"
,"できるようになったよ！"
415,"Snow Fortsのコンカーにチャンレジ"
,"できるようになったよ！"
416,"Snow FortsとSki Villageのコンカー"
,"にチャレンジできるようになったよ！"
417,"The Dockのコンカーにチャレンジ"
,"できるようになったよ！"
418,"Ski Hillのコンカーにチャンレジ"
,"できるようになったよ！"
419,"Townのコンカーにチャンレジできる"
,"ようになったよ！"
420,"The BeachとSki Villageのコンカーに"
,"チャレンジできるようになったよ！"
421,"Ski Hillのコンカーにチャンレジ"
,"できるようになったよ！"
422,"Snow FortsとSki Villageのコンカー"
,"にチャレンジできるようになったよ！"
423,"Ski Hillのコンカーにチャンレジ"
,"できるようになったよ！"
424,"The Beachのコンカーにチャレンジ"
,"できるようになったよ！"
425,"{{K601}}のイベントが"
,"遊べるようになったよ！"
426,"{{K602}}のイベントが"
,"遊べるようになったよ！"
427,"{{K603}}のイベントが"
,"遊べるようになったよ！"
428,"{{K611}}のイベントが"
,"遊べるようになったよ！"
429,"{{K605}}のイベントが"
,"遊べるようになったよ！"
430,"{{K606}}のイベントが"
,"遊べるようになったよ！"
431,"{{K610}}のイベントが"
,"遊べるようになったよ！"
432,"{{K609}}のイベントが"
,"遊べるようになったよ！"
433,"{{K607}}のイベントが"
,"遊べるようになったよ！"
434,"{{K612}}のイベントが"
,"遊べるようになったよ！"
435,"{{K604}}のイベントが"
,"遊べるようになったよ！"
436,"{{K608}}のイベントが"
,"遊べるようになったよ！"
437,"カタログで新しいアイテムが買えるようになったよ！"
438,"オッケー"
439,"{{T}}"
440,"{{T}}"
441,"{{T}}"
442,"参加者全員"
443,"5個のイベンツを全イベント1位でクリアした。"
,"獲得したアチーブメントはClub Penguin.comで確認できるよ。"
444,"10個のイベンツを全イベント1位でクリアした。"
,"獲得したアチーブメントはClub Penguin.comで確認できるよ。"
445,"全てのイベンツを全イベント1位でクリアした。"
,"獲得したアチーブメントはClub Penguin.comで確認できるよ。"
446,"全てのイベンツのイベントを3位以上でクリアした。"
,"獲得したアチーブメントはClub Penguin.comで確認できるよ。"
447,"5連続でイベントを1位でクリアした。"
,"獲得したアチーブメントはClub Penguin.comで確認できるよ。"
448,"10連続でイベントを1位でクリアした。"
,"獲得したアチーブメントはClub Penguin.comで確認できるよ。"
449,"20連続でイベントを1位でクリアした。"
,"獲得したアチーブメントはClub Penguin.comで確認できるよ。"
450,"コンカーチャレンジを12種類クリアした。"
,"獲得したアチーブメントはClub Penguin.comで確認できるよ。"
451,"コンカーチャレンジを全てクリアした。"
,"獲得したアチーブメントはClub Penguin.comで確認できるよ。"
452,"Red Storyクリア"
,"獲得したアチーブメントはClub Penguin.comで確認できるよ。"
453,"Blue Storyクリア"
,"獲得したアチーブメントはClub Penguin.comで確認できるよ。"
454,"Green Storyクリア"
,"獲得したアチーブメントはClub Penguin.comで確認できるよ。"
455,"Yellow Storyクリア"
,"獲得したアチーブメントはClub Penguin.comで確認できるよ。"
456,"Townを占領した。"
,"獲得したアチーブメントはClub Penguin.comで確認できるよ。"
457,"The Dockを占領した。"
,"獲得したアチーブメントはClub Penguin.comで確認できるよ。"
458,"The Beachを占領した。"
,"獲得したアチーブメントはClub Penguin.comで確認できるよ。"
459,"Snow Fortsを占領した。"
,"獲得したアチーブメントはClub Penguin.comで確認できるよ。"
460,"Ski Villageを占領した。"
,"獲得したアチーブメントはClub Penguin.comで確認できるよ。"
461,"Ski Hillを占領した。"
,"獲得したアチーブメントはClub Penguin.comで確認できるよ。"
462,"全てのHubを移動した。"
,"獲得したアチーブメントはClub Penguin.comで確認できるよ。"
463,"イベントで初めて一位をとった"
,"獲得したアチーブメントはClub Penguin.comで確認できるよ。"
464,"全てのEASYレベルイベントをプレイした。"
,"獲得したアチーブメントはClub Penguin.comで確認できるよ。"
465,"全てのNORMALレベルイベントをプレイした。"
,"獲得したアチーブメントはClub Penguin.comで確認できるよ。"
466,"全てのHARDレベルイベントをプレイした。"
,"獲得したアチーブメントはClub Penguin.comで確認できるよ。"
467,"全てのEASYレベルイベントで1位になった。"
,"獲得したアチーブメントはClub Penguin.comで確認できるよ。"
468,"全てのNORMALレベルイベントで1位になった。"
,"獲得したアチーブメントはClub Penguin.comで確認できるよ。"
469,"全てのHARDレベルイベントで1位になった。"
,"獲得したアチーブメントはClub Penguin.comで確認できるよ。"
470,"ペア戦をプレイした"
,"獲得したアチーブメントはClub Penguin.comで確認できるよ。"
471,"いずれかのペア戦で1位になった。"
,"獲得したアチーブメントはClub Penguin.comで確認できるよ。"
472,"全てのペア戦イベントで1位になった。"
,"獲得したアチーブメントはClub Penguin.comで確認できるよ。"
473,"応援をした。"
,"獲得したアチーブメントはClub Penguin.comで確認できるよ。"
474,"{{K601}} : 20コンボした。"
,"獲得したアチーブメントはClub Penguin.comで確認できるよ。K67"
475,"{{K602}} : 白パッフルにOベリーを食べさせた。"
,"獲得したアチーブメントはClub Penguin.comで確認できるよ。"
476,"{{K603}} : 一度も指摘をされず、転ばずにクリアした。"
,"獲得したアチーブメントはClub Penguin.comで確認できるよ。"
477,"{{K606}} : 1:30以内でクリアした。"
,"獲得したアチーブメントはClub Penguin.comで確認できるよ。"
478,"{{K611}} : 10体以上落とした。"
,"獲得したアチーブメントはClub Penguin.comで確認できるよ。"
479,"{{K605}} : 一度も障害物にぶつからずにクリアした。"
,"獲得したアチーブメントはClub Penguin.comで確認できるよ。"
480,"{{K610}} : 一度に30個以上運んだ。"
,"獲得したアチーブメントはClub Penguin.comで確認できるよ。"
481,"{{K608}} : 一度も転ばないでクリアした。"
,"獲得したアチーブメントはClub Penguin.comで確認できるよ。"
482,"{{K609}} : 130以上を記録してクリアした。"
,"獲得したアチーブメントはClub Penguin.comで確認できるよ。"
483,"{{K607}} : 相手に5個以上雪玉を当てた。"
,"獲得したアチーブメントはClub Penguin.comで確認できるよ。"
484,"{{K612}} : 90点以上の得点でクリアした。"
,"獲得したアチーブメントはClub Penguin.comで確認できるよ。"
485,"{{K604}} : 100点以上の得点でクリアした。"
,"獲得したアチーブメントはClub Penguin.comで確認できるよ。"
486,"クイックマッチをプレイした。"
,"獲得したアチーブメントはClub Penguin.comで確認できるよ。"
487,"クイックマッチで全てのイベントをプレイした。"
,"獲得したアチーブメントはClub Penguin.comで確認できるよ。"
488,"クイックマッチを10回プレイした。"
,"獲得したアチーブメントはClub Penguin.comで確認できるよ。"
489,"クイックマッチを30回プレイした。"
,"獲得したアチーブメントはClub Penguin.comで確認できるよ。"
490,"クイックマッチを50回プレイした。"
,"獲得したアチーブメントはClub Penguin.comで確認できるよ。"
491,"クイックマッチで3連勝した。"
,"獲得したアチーブメントはClub Penguin.comで確認できるよ。"
492,"クイックマッチで5連勝した。"
,"獲得したアチーブメントはClub Penguin.comで確認できるよ。"
493,"クイックマッチで10連勝した。"
,"獲得したアチーブメントはClub Penguin.comで確認できるよ。"
494,"カスタムカップをプレイした。"
,"獲得したアチーブメントはClub Penguin.comで確認できるよ。"
495,"カスタムカップで総合1位になった。"
,"獲得したアチーブメントはClub Penguin.comで確認できるよ。"
496,"全てのショップアイテムを揃えた。"
,"獲得したアチーブメントはClub Penguin.comで確認できるよ。"
497,"コインを200枚集めた。"
,"獲得したアチーブメントはClub Penguin.comで確認できるよ。"
498,"コインを500枚集めた。"
,"獲得したアチーブメントはClub Penguin.comで確認できるよ。"
499,"コインを1000枚集めた。"
,"獲得したアチーブメントはClub Penguin.comで確認できるよ。"
500,"同じ色のアイテムを全て揃えた。"
,"獲得したアチーブメントはClub Penguin.comで確認できるよ。"
501,"チームと同じ色のカスタマイズを3つ以上した。"
,"獲得したアチーブメントはClub Penguin.comで確認できるよ。"
502,"CP.comとWiiのペンギンを紐付けした。"
,"獲得したアチーブメントはClub Penguin.comで確認できるよ。"
503,"CP.comとWii両方で全てのアイテムを揃えた。"
,"獲得したアチーブメントはClub Penguin.comで確認できるよ。"
504,"コインをアップロードした。"
,"獲得したアチーブメントはClub Penguin.comで確認できるよ。"
505,"スタッフクレジットを見た。"
,"獲得したアチーブメントはClub Penguin.comで確認できるよ。"
506,"友達のペンギンが遊びに来た。"
,"獲得したアチーブメントはClub Penguin.comで確認できるよ。"
507,"プレイ時間が10時間を超えた。"
,"獲得したアチーブメントはClub Penguin.comで確認できるよ。"
508,"プレイ時間が20時間を超えた。"
,"獲得したアチーブメントはClub Penguin.comで確認できるよ。"
509,"プレイ時間が50時間を超えた。"
,"獲得したアチーブメントはClub Penguin.comで確認できるよ。"
510,"Achievement68"
,"アチーブメントを獲得しました！Club Penguinで確認してね。"
511,"Achievement69"
,"アチーブメントを獲得しました！Club Penguinで確認してね。"
512,"Achievement70"
,"アチーブメントを獲得しました！Club Penguinで確認してね。"
513,"赤チームで島をコンカーした。"
,"獲得したスタンプを確認するには、クラブペンギンのウエブ・サイトにログインしてください！"
514,"青チームで島をコンカーした。"
,"獲得したスタンプを確認するには、クラブペンギンのウエブ・サイトにログインしてください！"
515,"緑チームで島をコンカーした。"
,"獲得したスタンプを確認するには、クラブペンギンのウエブ・サイトにログインしてください！"
516,"黄色チームで島をコンカーした。"
,"獲得したスタンプを確認するには、クラブペンギンのウエブ・サイトにログインしてください！"
517,"全チームで島をコンカーした。"
,"獲得したスタンプを確認するには、クラブペンギンのウエブ・サイトにログインしてください！"
518,"ショップアイテムを全部集めた。"
,"獲得したスタンプを確認するには、クラブペンギンのウエブ・サイトにログインしてください！"
519,"一緒に遊ぶために、友達のペンギンをWiiリモコンから読み込みました！"
520,"{{K611}}の4Pマルチプレイで、一回も落ちないで勝利した。"
,"獲得したスタンプを確認するには、クラブペンギンのウエブ・サイトにログインしてください！"
521,"{{K601}}の4Pマルチプレイで、どのプレイヤーもパッフルを落とさなかった。"
,"獲得したスタンプを確認するには、クラブペンギンのウエブ・サイトにログインしてください！"
522,"{{K610}}の4Pマルチプレイで、袋を30個運んだ。"
,"獲得したスタンプを確認するには、クラブペンギンのウエブ・サイトにログインしてください！"
523,"全イベントのペアマッチを１位で勝った。"
,"獲得したスタンプを確認するには、クラブペンギンのウエブ・サイトにログインしてください！"
524,"COMを相手に、全10イベントのハードレベルをペアマッチで連勝した。"
,"獲得したスタンプを確認するには、クラブペンギンのウエブ・サイトにログインしてください！"
525,"{{K602}}で白パッフルを食べさせた。"
,"獲得したスタンプを確認するには、クラブペンギンのウエブ・サイトにログインしてください！"
526,"自分のゴールにパックが一回も入らなかった状態で{{K604}}を勝った。"
,"獲得したスタンプを確認するには、クラブペンギンのウエブ・サイトにログインしてください！"
527,"Wiiリモコンのせつぞくが"
,"きれました。"
,"{{C255,255,255}}{{X}}A{{X}}{{C}}ボタンをおしてください。"
528,"つうしんエラーによって"
,"インターネットから"
,"せつだんされました。"
529,"オッケー"
530,"Wiiリモコンにちがうゲームのセーブデータが入っています。ペンギンをコピーするために、このデータをけしますか？"
531,"いいえ"
532,"はい"
533,"ペンギンオデカケ"
534,"Wiiリモコンに"
,"ペンギンをセーブしますか？"
535,"{{C255,255,255}}{{X}}B{{X}}{{C}} もどる"
536,"オッケー"
537,"Wiiリモコンにコピーしています"
,"{{C160,0,0}}かくちょうコントローラの"
,"ぬきさしを"
,"しないでください{{C}}"
538,"Wiiリモコンでエラーが"
,"発生しました。"
,"くわしくは本体の"
,"取扱説明書を"
,"お読みください。"
539,"オッケー"
540,"Wiiリモコンにペンギンを"
,"コピーしました"
541,"オッケー"
542,"Wiiにおなじペンギンが"
,"のこっていないと"
,"ペンギンをもどせません"
,"Wiiのペンギンを"
,"けさないでください"
543,"オッケー"
544,"Wiiリモコンのペンギンを"
,"うわがきしますか？"
545,"いいえ"
546,"はい"
547,"ほんとうにうわがきして"
,"よろしいですか？"
548,"いいえ"
549,"はい"
550,"Wiiリモコンに"
,"セーブしています"
,"{{C160,0,0}}かくちょうコントローラの"
,"ぬきさしを"
,"しないでください{{C}}"
551,"ペンギンオデカケ"
552,"Wiiリモコンのペンギンを"
,"うわがきしました"
553,"オッケー"
554,"Wiiリモコンにペンギンがいません"
555,"オッケー"
556,"Wiiリモコンのペンギンを"
,"ロードしますか"
557,"いいえ"
558,"はい"
559,"Wiiにおなじなまえのペンギンがいるので"
,"ロードできません"
560,"オッケー"
561,"Wiiリモコンのペンギンを"
,"ロードしています"
,""
,"かくちょうコントローラの"
,"ぬきさしを"
,"しないでください"
562,"Wiiリモコンのペンギンを"
,"ロードしました"
563,"オッケー"
564,"ゲームをしゅうりょうするときは"
,"{{C255,255,255}}{{X}}+{{X}}{{C}}でしゅうりょうしてください"
,"かくとくしたコインやアイテムを"
,"Wiiリモコンで"
,"もちかえるコトができます"
565,"オッケー"
566,"ゲームをやめる"
567,"{{T}}を"
,"Wiiリモコンにもどします"
,"よろしいですか？"
568,"いいえ"
569,"はい"
570,"ゲームをやめる"
571,"{{T}}は"
,"コインやアイテムを"
,"もちかえるコトができませんが、"
,"もどさずにしゅうりょうしてよろしいですか？"
572,"いいえ"
573,"はい"
574,"ゲームをやめる"
575,"このWiiリモコンをせつぞくしてください"
,""
,"せつぞくせずにすすめるには"
,"{{C160,0,0}}スキップ{{C}}をおしてください"
576,"スキップ"
577,"ゲームをやめる"
578,"Wiiリモコンにセーブします"
,"拡張コントローラの抜き"
,"差しをしないでください。"
579,"オッケー"
580,"ゲームをやめる"
581,"Wiiリモコンにセーブできませんでした"
582,"オッケー"
583,"ゲームをやめる"
584,"そうさするプレイヤーが"
,"かわりました"
585,"オッケー"
586,"ゲームをやめる"
587,"Wiiリモコンに"
,"セーブしています"
,""
,""
,"{{C160,0,0}}かくちょうコントローラの"
,"ぬきさしを"
,"しないでください{{C}}"
588,"Wiiリモコンの読み込みに失敗しました"
589,"オッケー"
590,"Wiiリモコンの書き込みに失敗しました"
591,"オッケー"
592,"Wiiリモコンのペンギンの削除に失敗しました"
593,"オッケー"
594,"システムデータがないのでTransfer Penguinは使えません。"
,"ゲームをリセットしてシステムデータを作ってください。"
595,"オッケー"
596,"WiiにペンギンがいないとTransfer Penguinは使えません。"
,"プレイヤー選択画面で「NEW」ボタンを押してペンギンを作成してください。"
597,"オッケー"
598,"ペンギンオデカケ"
599,"Wii RemoteにTransferする"
,"ペンギンを選んでください"
600,"もどる"
601,"Wiiリモコンの接続が切れました"
,"Options画面に戻ります"
602,"オッケー"
603,"壊れたデータが入っています"
,"上書しますか？"
604,"いいえ"
605,"はい"
606,"Transferしていたペンギンを戻しています…"
,""
,"かくちょうコントローラの"
,"ぬきさしを"
,"しないでください"
607,"コイン"
608,"アイテム"
609,"ぜんぶ"
610,"はいけい"
611,"いろ"
612,"あし"
613,"て"
614,"からだ"
615,"くび"
616,"かお"
617,"あたま"
618,"クチバシ"
619,"め"
620,"そのた"
621,"{{C255,255,255}}{{X}}B{{X}}{{C}}"
622,"とじる"
623,"行きたい"
,"場所を"
,"選ぼう！"
624,"{{K501}}"
625,"{{K504}}"
626,"{{K502}}"
627,"{{K514}}"
628,"{{K510}}"
629,"{{K509}}"
630,"{{K508}}"
631,"{{K503}}"
632,"{{K512}}"
633,"{{K513}}"
634,"{{K505}}"
635,"{{K511}}"
636,"{{K515}}"
637,"{{C255,255,255}}{{X}}B{{X}}{{C}}"
638,"とじる"
639,"コインはどう獲得しますか？"
640,"島のあちこちに設置されているGames Dayイベントをプレイすることでコインを獲得できます。イベントの後にコインが割り振られて、終わったときの順位が高ければ高いほど獲得するコインが上がります！"
641,"購入するのに新しいアイテムをどう解除しますか？"
642,"どのチームでゲームをプレイするかによってアンロックされるアイテムが異なります。"
,"すべてのアイテムをアンロックしたければ全4チームでプレイしてみてください！"
,"アイテムが一回アンロックされたら、それからどのチームでプレイしてもアンロックのままになります。"
643,"{{C255,255,255}}{{X}}B{{X}}{{C}}"
644,"とじる"
645,"{{T0}}'s Coins:"
646,"{{T1}}'s Coins:"
647,"{{T2}}'s Coins:"
648,"{{T3}}'s Coins:"
649,"古い色にあきたかい？"
,"新しい色をひとつ選んで！"
650,"たったの20"
651,"どれも！"
652,"プレイヤーカード"
,"背景！"
653,"すべてのプレイヤーが利用可能!"
654,"60"
655,"どれも！"
656,"あそびかた"
657,"チームレッド"
658,"チームブルー"
659,"チームグリーン"
660,"チームイエロー"
661,"Wiiリモコンを振れ！"
662,"ストップ！"
663,"空気を入れすぎた…"
664,"{{K754}}"
665,"おもしろいもの集めは順調かい？"
,"たくさん集めたら、"
,"{{C0,0,255}}Ski Village{{C}}の審判のところに行きなさい。"
666,"{{K780}}"
667,"今、{{C0,0,255}}{{K602}}{{C}}はできないわ。"
,"Puffleたちがお昼寝中なの。"
,"キミたちには他にやることがあるんじゃない？"
668,"{{K763}}"
669,"今、{{C0,0,255}}{{K604}}{{C}}はできないよ。"
,"アイスリンクの整備中なんだ。"
670,"{{K764}}"
671,"今、{{C0,0,255}}{{K607}}{{C}}はできないよ。"
,"理由は、えーと、なんだったかな……え？"
,"なんでどのイベントも遊べないのかって？"
672,"{{K764}}"
673,"……本当は、みんな、キミたちが"
,"チャレンジに集中できるようにしたかったのさ。"
,"がんばってね。"
674,"{{K726}}"
675,"今こそ、とりでに裏に置いておいた"
,"あの杖の出番だ！　……と思ったのに"
,"見あたらないんだよなぁ。"
676,"{{K726}}"
677,"あれ、そんなところにあったのか。"
,"誰かが見つけて隠したのか？"
678,"{{K753}}"
679,"おもしろいもの集めは順調かい？"
,"たくさん集めたら、"
,"{{C0,0,255}}Ski Village{{C}}の審判のところに行きなさい。"
680,"{{K782}}"
681,"今、{{K608}}はできないよ。"
,"Night Clubの照明が切れちゃって。"
,"ゾーンチャレンジがんばってね。"
682,"{{K770}}"
683,"カタログが品切れ中なんだ。"
,"買い物したいなら、また後で寄ってよ。"
684,"{{K771}}"
685,"今、{{C0,0,255}}{{K610}}{{C}}はできないよ。"
,"さっきキミたちが運んだ豆の袋を"
,"スタート地点に戻しているところなんだよ。"
,""
686,"{{K761}}"
687,"今、{{C160,0,0}}{{K606}}{{C}}はできないよ。"
,"ジェットパックで柵に突っ込んだヤツがいて、"
,"柵が壊れてるんだ。本人は無傷だったけどね。"
688,"{{K720}}"
689,"Gift Shop、どこかいつもと違わないか？"
,"気のせいか？"
,"いや、なにかが違うような……"
690,"{{K720}}"
691,"それだ！　その{{C0,0,255}}Wings{{C}}が余計だったんだ！"
,"気がつかなかった！"
,"あー、スッキリしたよ。"
692,"{{K751}}"
693,"おもしろいもの集めは順調かい？"
,"たくさん集めたら、"
,"{{C0,0,255}}Ski Village{{C}}の審判のところに行きなさい。"
694,"{{K764}}"
695,"今、{{C0,0,255}}{{K609}}{{C}}はできないよ。"
,"ちょっとした雪不足でね。"
,"なに、雪はすぐにまた積もるよ。"
696,"{{K766}}"
697,"今、{{C0,0,255}}{{K611}}{{C}}はできないよ。"
,"えーと、浮き輪が流されちゃって"
,"探してるんだ。"
,""
698,"{{K725}}"
699,"このソリ、おもしろいよね。"
,"持っていっちゃだめかな？"
,"持っていっちゃおうよ。"
700,"{{K725}}"
701,"このギターもいいね。おもしろいよね。"
,"ソリよりこっちの方がいいかな。"
702,"{{K752}}"
703,"おもしろいもの集めは順調かい？"
,"たくさん集めたら、"
,"Ski Villageの審判のところに行きなさい。"
704,"{{K783}}"
705,"今、{{C0,0,255}}{{K612}}{{C}}はできないよ。"
,"ジャックハンマーの整備中さ。"
,"チャレンジをクリアした頃に、またおいで。"
706,"{{K762}}"
707,"今、{{C0,0,255}}{{K601}}{{C}}はできないよ。"
,"Paffleの毛で、毛だらけになったラケットの"
,"手入れをしてるところだから。"
,""
708,"{{K724}}"
709,"この近くにおもしろいものがありそうなんだ！"
,"いや、絶対に間違いなくあるぞ！　"
,"勘だけどな！"
710,"{{K724}}"
711,"おお、ホントに"
,"おもしろいものがあった！"
,"すごい！　すごいぞ、オレの勘！"
712,"{{K722}}"
713,"あー、おしいことしたなぁ。"
,"おもしろいカツラがあったのに"
,"灯台の上で風に飛ばされちゃったよ。"
714,"{{K722}}"
715,"それは風で飛ばされたオレのカツラ！"
,"あんな高く飛んだカツラに手が届くなんて"
,"空でも飛んだのかい？"
716,"{{K786}}"
717,"おもしろいものをたくさん集めてきたら、"
,"認めてあげよう。"
718,"{{K786}}"
719,"たくさん集めて、私に声をかけてくれ。"
,"私はここで待っているからね。"
720,"{{K786}}"
721,"まだまだ足りないね。"
,"もっと探してくるんだ。"
,"グリーンチームの実力はこんなものかな？"
722,"{{K786}}"
723,"もっと集めて、私に声をかけてくれ。"
,"私はここで待っているからね。"
724,"{{K786}}"
725,"結構集めたね。"
,"でも、まだ何か足りないなぁ。"
,"すべてのゾーンを探してみたかい？"
726,"{{K786}}"
727,"もう少し集めて、私に声をかけてくれ。"
,"私はここで待っているからね。"
728,"{{K786}}"
729,"いいねぇ！　こんなにおもしろい"
,"格好は見たことがない。"
,"さすがグリーンチーム、愉快な連中だ。"
730,"{{K786}}"
731,"おめでとう！"
,"{{C0,0,255}}Ski Village{{C}}はキミたちのものだ！"
732,"{{K767}}"
733,"今、{{C0,0,255}}{{K603}}{{C}}はできないよ。"
,"ゾーンチャレンジが終わるまで"
,"場所が空かないからね。"
734,"{{K721}}"
735,"そこにあるのは、"
,"ボクのとっておきのスリッパだ。"
,"チームのために持っていってくれ！"
736,"{{K721}}"
737,"グリーンチームの他のみんなも、"
,"あちこち探し回ってるよ。"
,"見かけたら声をかけてくれよな。"
738,"{{K734}}"
739,"あの鼻眼鏡の審判、趣味がいいね。"
,"きっとプライベートでは、"
,"かなりオシャレだとおもうよ。"
740,"{{K700}}"
741,"レッドチームはまだ負けてないぞ！"
,"先回りして、おもしろいものをぜ～んぶ"
,"隠してしまえば……いや冗談さ。"
742,"{{K710}}"
743,"協力はできないけど"
,"フェアなチャレンジを期待しているよ！"
,"がんばってね！"
744,"{{K723}}"
745,"ホントなんだよ！　確かに見たんだ！"
,"虹色の不思議な物体が空を飛んでるのを！"
,"この辺に落ちたと思ったんだけど……。"
746,"{{K723}}"
747,"空飛ぶ虹色の正体は、風に飛ばされたカツラ？"
,"いや違う！　わたしが見たのは、"
,"もっと別の、ロマンあふれる何かさ！"
748,"{{K727}}"
749,"虹色のものなんて、"
,"何も落ちてないけどなぁ……。"
,"あきらめて、他を探そうかなぁ。"
750,"{{K727}}"
751,"がけっぷちに"
,"虹色のカツラが引っかかってたって？"
,"どうやって取ったの！？"
752,"Town"
753,"The Dock"
754,"The Beach"
755,"Snow Forts"
756,"Ski Village"
757,"Ski Hill"
758,"ゾーン チャレンジ"
759,"全員を倒すまでチームレッドに雪玉をぶつけろ。"
760,"全員を倒すまでチームブルーに雪玉をぶつけろ。"
761,"ペイントボールを投げて看板をチームカラーに塗りつぶそう。"
762,"Jeff the Refの顔をおぼえて、まねしよう！"
763,"ジャックハンマーで氷の塊を削ろう！"
764,"雪玉を転がして大きくして、雪だるまを完成させよう。"
765,"大きな器に雪を投げ入れて"
,"大きなカキ氷を作ろう。"
766,"ペンギンが持っている的に"
,"ボールを当てよう。"
767,"巨大風船を膨らまそう！"
768,"すべてのゾーンを回って"
,"おもしろいものを集めて、"
,"Jeff the Refのところへ持っていこう。"
769,"Jeff the Refがやることを見てまねしよう！"
770,"全てのペンギンとパッフルを踊らせよう！"
771,"全てのペンギンとパッフルを踊らせよう！"
772,"インストラクション"
773,"持ち方"
774,"狙え！"
775,"投げろ！"
776,"大砲を打て！"
777,"{{S1.3,1.3}}{{C255,255,255}}{{X}}E{{X}}{{C}}{{S}}を押して、カーソルを動かして狙え！"
778,"{{S1.3,1.3}}{{C255,255,255}}{{X}}A{{X}}{{C}}{{S}}を押して雪玉を投げろ！"
779,"大砲を使うには、大砲の後ろに立って、大砲にポイントして、{{S1.2,1.2}}{{C255,255,255}}{{X}}A{{X}}{{C}}{{S}}を押せ！"
780,"相手チームを倒せ！"
781,"持ち方"
782,"狙え！"
783,"投げろ！"
784,"注意！"
785,"狙うのにWiiリモコンを看板にポイントしろ"
786,"{{S1.3,1.3}}{{C255,255,255}}{{X}}A{{X}}{{C}}{{S}}を押してペイントボールを投げろ！"
787,"敵チームが邪魔をしてくるぞ！"
788,"チームカラーに塗りつぶせ！"
789,"持ち方"
790,"覚えろ！"
791,"選べ！"
792,"3回真似しろ！"
793,"Jeff the Refの顔をよく見て覚えろ！"
794,"目と口のパーツを選べ！"
795,"3回真似したらコンカーだ！"
796,"Jeff the Refの顔を真似しろ！"
797,"持ち方"
798,"削れ！"
799,"合わせろ！"
800,"何ができるかな？"
801,"リモコンを振って氷を削ろう！"
802,"緑のメーターに入るようにリモコンを振れ！"
803,"全体の彫刻が見れるまでに削りつけろ"
804,"彫刻を完成させろ！"
805,"持ち方"
806,"転がせ！"
807,"大きくしろ！"
808,"注意！"
809,"動くのにWiiリモコンでポイントして{{S1.2,1.2}}{{C255,255,255}}{{X}}A{{X}}{{C}}{{S}}を押し続けろ"
810,"ゲージが満タンになるまで転がせ！"
811,"アンビルにはぶつかるな！"
812,"雪玉を転がして大きくしろ！"
813,"持ち方"
814,"狙え！"
815,"投げろ！"
816,"注意！"
817,"狙うのにWiiリモコンを画面にポイントしろ！"
818,"{{S1.3,1.3}}{{C255,255,255}}{{X}}A{{X}}{{C}}{{S}}を押して雪玉を投げろ！"
819,"傾いて崩れないようにしろ！"
820,"コーンの上に雪を投げろ！"
821,"持ち方"
822,"狙え！"
823,"投げろ！"
824,"動きを止めろ！"
825,"狙うのにWiiリモコンを画面にポイントしろ！"
826,"{{S1.3,1.3}}{{C255,255,255}}{{X}}A{{X}}{{C}}{{S}}を押してボールを投げろ！"
827,"ペンギンに当てると動きが止まるぞ！"
828,"的にボールを当てろ！"
829,"持ち方"
830,"振れ！"
831,"止めろ！"
832,"注意！"
833,"リモコンを振って風船を膨らませろ！"
834,"風船が大きくなったらリモコンを止めよう！"
835,"大きくしすぎて割らないように！"
836,"巨大風船を膨らませろ！"
837,"持ち方"
838,"探せ！"
839,"拾え！"
840,"ヒント！"
841,"アイテムは物の中を含めて、色々なところに隠されている。"
842,"アイテムを拾うのに{{S1.3,1.3}}{{C255,255,255}}{{X}}A{{X}}{{C}}{{S}}を押せ"
843,"迷ったときはこのアイコンを押してみよう！"
844,"変なものを集めろ！"
845,"持ち方"
846,"真似をしろ！"
847,"順番を覚えろ！"
848,"注意！"
849,"{{S1.3,1.3}}{{C255,255,255}}{{X}}J{{X}}{{C}}{{S}}でジェフの動きを真似しろ！"
850,"どのアクションも正しい順番でやれ！"
851,"タイマーゲージがなくなるまでにアクションをしろ！"
852,"Jeff the Refの真似をしろ！"
853,"持ち方"
854,"踊れ！"
855,"近くで踊れ！"
856,"注意！"
857,"{{S1.3,1.3}}{{C255,255,255}}{{X}}D{{X}}{{C}}{{S}}を押して踊れ！"
858,"近くで踊ると、いっしょに踊るぞ！"
859,"このアイコンになったらそばまで行こう！"
860,"みんなで踊れ！"
861,"持ち方"
862,"踊れ！"
863,"近くで踊れ！"
864,"注意！"
865,"{{S1.3,1.3}}{{C255,255,255}}{{X}}D{{X}}{{C}}{{S}}を押して踊れ！"
866,"近くで踊ると、いっしょに踊るぞ！"
867,"このアイコンになったらそばまで行こう！"
868,"みんなで踊れ！"
869,"{{K504}} チャレンジ："
,"{{K630}}"
870,"{{K510}} チャレンジ："
,"{{K631}}"
871,"{{K501}} チャレンジ："
,"{{K632}}"
872,"{{K509}} チャレンジ："
,"{{K633}}"
873,"{{K502}} チャレンジ："
,"{{K634}}"
874,"{{K505}} チャレンジ："
,"{{K635}}"
875,"{{K502}} チャレンジ："
,"{{K636}}"
876,"{{K505}} チャレンジ："
,"{{K637}}"
877,"{{K502}} チャレンジ："
,"{{K638}}"
878,"{{K502}} チャレンジ："
,"{{K639}}"
879,"{{K505}} チャレンジ："
,"{{K640}}"
880,"{{K505}} チャレンジ："
,"{{K641}}"
881,"チャレンジをクリア"
882,"うまくかわした"
883,"すばやいクリア"
884,"ミスが少なかった"
885,"すばやいクリア"
886,"ミスが少なかった"
887,"ミスが少なかった"
888,"すごい命中率"
889,"ミスが少なかった"
890,"チームメイトとたくさん話した"
891,"ミスが少なかった"
892,"すばやいクリア"
893,"すばやいクリア"
894,"コインを{{N}}枚、手に入れた"
895,"おめでとう、"
,"{{T}}!"
896,"Townをコンカーできなかった"
897,"Ski Villageをコンカーできなかった"
898,"Snow Fortsをコンカーできなかった"
899,"Ski Hillをコンカーできなかった"
900,"The Beachをコンカーできなかった"
901,"The Dockをコンカーできなかった"
902,"再挑戦しよう!"
903,"Townをコンカーできた"
904,"Ski Villageをコンカーできた"
905,"Snow Fortsをコンカーできた"
906,"Ski Hillをコンカーできた"
907,"Beachをコンカーできた"
908,"The Dockをコンカーできた"
909,"{{C255,255,255}}{{X}}B{{X}}{{C}} もどる"
910,"LAP"
911,"LAP"
912,"LAP"
913,"LAP"
914,"LAP"
915,"LAP"
916,"Wrong Way"
917,"Wrong Way"
918,"Wrong Way"
919,"Wrong Way"
920,"Wrong Way"
921,"Wrong Way"
922,"1st Period"
923,"2nd Period"
924,"絵のせいかくさ"
925,"タイムボーナス"
926,"Total"
927,"Good"
928,"Great"
929,"10"
930,"Excellent"
931,"15"
932,"Perfect!"
933,"20"
934,"Miss"
935,"Good"
936,"Good"
937,"Great"
938,"Great"
939,"10"
940,"10"
941,"Excellent"
942,"Excellent"
943,"15"
944,"15"
945,"Perfect!"
946,"Perfect!"
947,"20"
948,"20"
949,"Miss"
950,"Miss"
951,"スタート！"
952,"そうさせつめい"
953,"ゲームをきめよう"
954,"ＮＥＷ"
955,"ＮＥＷ"
956,"ＮＥＷ"
957,"ＮＥＷ"
958,"{{C255,255,255}}{{X}}B{{X}}{{C}} もどる"
959,"シャッフル"
960,"オッケー"
961,"シングル"
962,"ペア"
963,"そうごうせいせき"
964,"ひきわけ"
965,"ひきわけ"
966,"ひきわけ"
967,"ひきわけ"
968,"ゆうしょう"
969,"ひきわけ"
970,"データかんり"
971,"コイン"
972,"ニューデータ"
973,"もどる"
974,"Wi-Fi"
975,"さくじょ"
976,"{{C255,255,255}}{{X}}B{{X}}{{C}}"
977,"とじる"
978,"プレイデータをえらぼう"
979,"コイン"
980,"ニューデータ"
981,"誰のプレイデータで遊ぶか選んでください"
982,"{{C255,255,255}}{{X}}B{{X}}{{C}} もどる"
983,"{{C255,255,255}}{{X}}B{{X}}{{C}}"
984,"とじる"
985,"ゲームにさんかしよう"
986,"もどる"
987,"つくる"
988,"オッケー"
989,"NEW"
990,"{{C255,255,255}}{{X}}B{{X}}{{C}}"
991,"キャンセル"
992,"メインメニュー"
993,"ストーリー"
994,"トーナメント"
995,"クイックプレイ"
996,"ランキング"
997,"データ"
998,"スタッフ"
999,"{{C255,255,255}}{{X}}B{{X}}{{C}} もどる"
1000,"オッケー"
1001,"{{C255,255,255}}{{X}}B{{X}}{{C}}"
1002,"もどる"
1003,"ストーリーをえらぼう"
1004,"{{C255,255,255}}{{X}}B{{X}}{{C}} もどる"
1005,"さんかするには{{C255,255,255}}{{X}}A{{X}}{{C}}と{{C255,255,255}}{{X}}B{{X}}{{C}}をおしてください"
1006,"いろをきめよう"
1007,"{{C255,255,255}}{{X}}B{{X}}{{C}} もどる"
1008,"オッケー"
1009,"なまえをきめよう"
1010,"もどる"
1011,"オッケー"
1012,"オプション"
1013,"ペンギン"
,"オデカケ"
1014,"Nintendo"
,"Wi-Fi"
,"Connection"
1015,"ランキング"
1016,"ペンギン"
,"さくじょ"
1017,"スタッフ"
1018,"{{C255,255,255}}{{X}}B{{X}}{{C}} もどる"
1019,"ようこそ"
1020,"ゲームデイ！"
1021,"オプション"
1022,"{{C255,255,255}}{{X}}B{{X}}{{C}} もどる"
1023,"なんにんであそびますか？"
1024,"ひとり"
1025,"ふたり"
1026,"３にん"
1027,"４にん"
1028,"{{C255,255,255}}{{X}}B{{X}}{{C}} もどる"
1029,"ペンギンさくじょ"
1030,"さくじょするペンギンをえらんでください"
1031,"もどる"
1032,"なまえ"
1033,"チーム"
1034,"スコア"
1035,"タイム"
1036,"きょり？"
1037,"おおきさ？"
1038,"コイン"
1039,"ポイント"
1040,"ランキング"
1041,"つぎへ"
1042,"NEW"
,"RECORD"
1043,"RANK"
,"IN"
1044,"NEW"
,"RECORD"
1045,"RANK"
,"IN"
1046,"1"
1047,"2"
1048,"3"
1049,"4"
1050,"かち"
1051,"まけ"
1052,"ゲームを選ぼう"
1053,"ＮＥＷ"
1054,"{{C255,255,255}}{{X}}B{{X}}{{C}} もどる"
1055,"Ok"
1056,"レベルをえらぼう"
1057,"イージー"
1058,"ノーマル"
1059,"ハード"
1060,"{{C255,255,255}}{{X}}B{{X}}{{C}} もどる"
1061,"ハンデ"
1062,"レベルをえらぼう"
1063,"イージー"
1064,"ノーマル"
1065,"ハード"
1066,"{{C255,255,255}}{{X}}B{{X}}{{C}} もどる"
1067,"ハンデ"
1068,"シングルマッチ"
1069,"ペアマッチ"
1070,"もどる"
1071,"クイックマッチ"
1072,"シングルマッチ"
1073,"ペアマッチ"
1074,"もどる"
1075,"クイックマッチ"
1076,"チームをえらぼう"
1077,"チームレッド"
1078,"チームブルー"
1079,"チームグリーン"
1080,"チームイエロー"
1081,"チームレッド"
1082,"チームブルー"
1083,"チームブルー"
1084,"チームレッド"
1085,"チームレッド"
1086,"オニ"
1087,"チームをえらぼう"
1088,"チームレッド"
1089,"チームブルー"
1090,"チームグリーン"
1091,"チームイエロー"
1092,"チームレッド"
1093,"チームブルー"
1094,"チームブルー"
1095,"シングル"
1096,"ペア"
1097,"シングル"
1098,"ペア"
1099,"イージー"
1100,"ノーマル"
1101,"ハード"
1102,"イージー"
1103,"ノーマル"
1104,"ハード"
1105,"{{C255,255,255}}{{X}}B{{X}}{{C}}"
1106,"ぬぐ"
1107,"もどる"
1108,"オッケー"
1109,"ハンデキャップ"
1110,"なし"
1111,"Small"
1112,"Medium"
1113,"Big"
1114,"もどる"
1115,"オッケー"
1116,"なまえ"
1117,"スコア"
1118,"タイム"
1119,"イージー"
1120,"ノーマル"
1121,"ハード"
1122,"シングル"
1123,"イージー"
1124,"ノーマル"
1125,"ハード"
1126,"1"
1127,"2"
1128,"3"
1129,"4"
1130,"5"
1131,"6"
1132,"7"
1133,"8"
1134,"チーム"
1135,"スコア"
1136,"タイム"
1137,"ペア"
1138,"1"
1139,"2"
1140,"3"
1141,"4"
1142,"5"
1143,"6"
1144,"7"
1145,"8"
1146,"チーム"
1147,"タイム"
1148,"イージー：コースＡ"
1149,"ノーマル：コースＢ"
1150,"ノーマル：コースＣ"
1151,"ノーマル：コースＤ"
1152,"ノーマル：コースＥ"
1153,"ハード：コースＦ"
1154,"ハード：コースＧ"
1155,"ハード：コースＨ"
1156,"ハード：コースＩ"
1157,"イージー"
1158,"ノーマル"
1159,"ハード"
1160,"コースＡ"
1161,"コースＢ"
1162,"コースＣ"
1163,"コースＤ"
1164,"コースＥ"
1165,"コースＦ"
1166,"コースＧ"
1167,"コースＨ"
1168,"コースＩ"
1169,"1"
1170,"2"
1171,"3"
1172,"4"
1173,"5"
1174,"6"
1175,"7"
1176,"8"
1177,"{{C255,255,255}}{{X}}B{{X}}{{C}}"
1178,"とじる"
1179,"シングル"
1180,"ペア"
1181,"なまえ"
1182,"チーム"
1183,"スコア"
1184,"タイム"
1185,"きょり？"
1186,"おおきさ？"
1187,"コイン"
1188,"ポイント"
1189,"ランキング"
1190,"つぎへ"
1191,"NEW"
,"RECORD"
1192,"RANK"
,"IN"
1193,"NEW"
,"RECORD"
1194,"RANK"
,"IN"
1195,"1"
1196,"2"
1197,"3"
1198,"4"
1199,"かち"
1200,"まけ"
1201,"すべてのゲームを"
,"{{C160,0,0}}プレイ{{C}}しよう！"
1202,"コインを{{C160,0,0}}１０まい{{C}}いじょう"
,"あつめよう！"
1203,"どれでもよいので"
,"{{C160,0,0}}１い{{C}}になろう！"
1204,"ぜんぶのゲームで"
,"{{C160,0,0}}３い{{C}}いないになろう！"
1205,"コインを{{C160,0,0}}２０まい{{C}}いじょう"
,"あつめよう！"
1206,"ぜんぶのゲームで"
,"{{C160,0,0}}グリーンチーム{{C}}にかとう！"
1207,"ぜんぶのゲームで"
,"{{C160,0,0}}３い{{C}}いないになろう！"
1208,"どれでもよいので"
,"{{C160,0,0}}しんきろく{{C}}をつくろう！"
1209,"{{C160,0,0}}２かい{{C}}いじょう"
,"{{C160,0,0}}１い{{C}}をとろう！"
1210,"どれでもよいので"
,"{{C160,0,0}}１・２フィニッシュ{{C}}をきめよう！"
1211,"コインを{{C160,0,0}}３０まい{{C}}いじょう"
,"あつめよう！"
1212,"どれでもよいので"
,"{{C160,0,0}}しんきろく{{C}}をつくろう！"
1213,"ぜんぶのゲームで"
,"{{C160,0,0}}ブルーチーム{{C}}にかとう！"
1214,"{{C160,0,0}}２０かい{{C}}いじょう"
,"{{C160,0,0}}ワッキーアクション{{C}}をきめよう！"
1215,"ぜんぶのゲームで"
,"{{C160,0,0}}２い{{C}}いないになろう！"
1216,"ぜんぶのゲームで"
,"{{C160,0,0}}レッドチーム{{C}}にかとう！"
1217,"コインを{{C160,0,0}}２０まい{{C}}いじょう"
,"あつめよう！"
1218,"２つのゲームで"
,"{{C160,0,0}}しんきろく{{C}}をつくろう！"
1219,"ぜんぶのゲームで"
,"{{C160,0,0}}３い{{C}}いないになろう！"
1220,"{{C160,0,0}}２０かい{{C}}いじょう"
,"{{C160,0,0}}ワッキーアクション{{C}}をきめよう！"
1221,"{{C160,0,0}}１５ふん{{C}}いないで"
,"ぜんぶのゲームをクリアしよう！"
1222,"２つのゲームで"
,"{{C160,0,0}}１い{{C}}になろう！"
1223,"ミスを{{C160,0,0}}２０かい{{C}}いないに"
,"おさえてクリアしよう！"
1224,"どれでもよいので"
,"{{C160,0,0}}１・２フィニッシュ{{C}}をきめよう！"
1225,"２つのゲームで{{C160,0,0}}１い{{C}}になろう！"
1226,"コインを{{C160,0,0}}３０まい{{C}}いじょう"
,"あつめよう！"
1227,"２つのゲームで"
,"{{C160,0,0}}１・２フィニッシュ{{C}}をきめよう！"
1228,"ぜんぶのゲームで"
,"{{C160,0,0}}しんきろく{{C}}をつくろう！"
1229,"{{C160,0,0}}１０ふん{{C}}いないで"
,"ぜんぶのゲームをクリアしよう！"
1230,"ぜんぶのゲームで"
,"{{C160,0,0}}１い{{C}}になろう！"
1231,"そうごうせいせき"
1232,"チーム"
1233,"ポイント"
1234,"コイン"
1235,"1"
1236,"2"
1237,"3"
1238,"4"
1239,"1"
1240,"2"
1241,"つぎへ"
1242,"プレイ！"
1243,"げんごせんたく"
1244,"{{X}}Q{{X}} 2010 Disney"
1245,"Nintendo Wi-Fi Connection"
1246,"ペンギンのアカウントめい"
1247,"パスワード"
1248,"コインをアップロード"
1249,"ペンギン"
,"シンク"
1250,"{{C255,255,255}}{{X}}B{{X}}{{C}} もどる"
1251,"アカウントじょうほう"
1252,"ペンギンのアカウントめい"
1253,"パスワード"
1254,"もどる"
1255,"オッケー"
1256,"ペンギンのアカウントめい"
1257,"もどる"
1258,"オッケー"
1259,"パスワード"
1260,"もどる"
1261,"オッケー"
1262,"コインアップロード"
1263,"もどる"
1264,"オッケー"
1265,"Nintendo Wi-Fi Connection"
1266,"Nintendo Wi-FIコネクションに接続するペンギンを選んでください"
1267,"もどる"
1268,"{{K700}}"
1269,"よお、BLUEチームの人か。"
,"見てろよ、BLUEよりも多くコンカーしてやるからな。"
1270,"{{K786}}"
1271,"君はBLUEチームの子だね。"
,"Townをコンカーしたいなら、まずはイベンツを"
,"クリアしてもらうよ？"
1272,"どんなイベンツでもクリアしてみせるよ！"
1273,"イベンツのミッション内容を教えて！"
1274,"今はやめておく。"
1275,"{{K786}}"
1276,"よろしい、では正々堂々と戦ってくるように。"
,"健闘を祈る。"
1277,"{{K720}}"
1278,"わー、BLUEの人が攻めて来ちゃったー！"
1279,"{{K725}}"
1280,"もうちょっとゆっくりしたかったけど、仕方ない。"
,"勝負するよ！"
1281,"{{K727}}"
1282,"やあ、こんにちは。"
,"Townでわからない事があるなら教えてあげるよ。"
1283,"買い物をするにはどうすればいいの？"
1284,"Dancingを遊ぶにはどうすればいいの？"
1285,"わかってるから別にいいよ。"
1286,"{{K727}}"
1287,"買い物をしたいなら向かって右にいるGift Shopに"
,"入ってごらんよ。"
,"チームカラーのグッズ等が売ってるよ。"
1288,"{{K727}}"
1289,"DancingはNight Clubの中で遊ぶんだ。{{K782}}に"
,"話しかければ案内してくれるらしいけど……"
,"今はいないね。また後で来るといいよ。"
1290,"{{K727}}"
1291,"そうか、それならいいや。"
,"じゃあね、BLUEチームの人。"
1292,"{{K712}}"
1293,"コンカーお疲れさま。次はBeachだね。"
,"まだまだ始まったばかりだけど、がんばっていこう。"
1294,"{{K710}}"
1295,"まずはBeachとTownをコンカーしよう。"
,"中央を支配してペースを握るんだ。"
1296,"{{K710}}"
1297,"Beachコンカー完了か。"
,"よし、次はTownだな。 お互いがんばろう。"
1298,"{{K710}}"
1299,"Town コンカー完了か。"
,"よし、次はBeachだな。 お互いがんばろう。"
1300,"{{K710}}"
1301,"Blueチームへようこそ。まずは"
,"ゲームデイの説明をしてあげるよ。"
1302,"{{K710}}"
1303,"ゲームデイの６つのイベントゾーンで審判に"
,"話しかけると、それぞれに用意されたイベン"
,"ツとチャレンジに挑戦できるんだ。"
1304,"{{K710}}"
1305,"イベンツとチャレンジをクリアすると、その"
,"ゾーンをコンカーでき、６つ全てのゾーンを"
,"コンカーしたチームがゲームデイの勝者になるんだ。"
1306,"{{K710}}"
1307,"さあ、Blueのチームワークの良さで勝利をめざそう。"
1308,"{{K710}}"
1309,"何か聞きたいことがあるかい？"
1310,"もう一度ゲームデイについて聞きたい。"
1311,"どこを攻めればいいんだっけ？"
1312,"いや、大丈夫だよ。"
1313,"{{K711}}"
1314,"BLUEチームはチームワークを大事にするからな。"
,"<PC NAME> もがんばろう。"
1315,"{{K717}}"
1316,"やあ、君もBLUEチームの人なんだね。"
,"一緒にがんばろう。"
1317,"{{K786}}"
1318,"君はBLUEチームの子だね。"
,"Beachをコンカーしたいなら、まずはイベンツを"
,"クリアしてもらうよ？"
1319,"どんなイベンツでもクリアしてみせるよ！"
1320,"イベンツのミッション内容を教えて！"
1321,"今はやめておく。"
1322,"{{K786}}"
1323,"よろしい、では正々堂々と戦ってくるように。"
,"健闘を祈る。"
1324,"{{K730}}"
1325,"この美しい場所は俺たちYELLOWチームの物だ！"
,"絶対にここは渡さないぞ。"
1326,"{{K734}}"
1327,"君はBLUEチームの人だね。"
,"正々堂々、美しい試合をしようじゃないか。"
1328,"{{K716}}"
1329,"やったね、<PC NAME>"
,"次はTownがターゲットだ。"
1330,"{{K786}}"
1331,"今から大きな彫刻をしてもらいます。"
,"素晴らしい彫刻を作れたら、コンカーさせてあげよう。"
1332,"{{K786}}"
1333,"やあ。イベンツに勝利したのはキミ達か。"
,"今からコンカーチャレンジをしてもらううよ。"
1334,"{{K786}}"
1335,"グリーンチームより変な顔をして、Townを"
,"盛り上げられたらコンカーを認めてあげよう。"
1336,"{{K786}}"
1337,"コインを15枚とろう！ だよ。"
,"取れそうなコインは確実にとっていけよ。"
1338,"{{K786}}"
1339,"総合成績で3位になろう　だよ。"
,"得意なイベントで一気にポイントを稼ぐんだ。"
1340,"{{K786}}"
1341,"コンカーをかけて百面相のチャレンジに"
,"もう一度挑戦するかい？"
1342,"チャレンジに挑戦するよ！"
1343,"チャレンジのコツを教えてよ。"
1344,"今はやめておく。"
1345,"{{K786}}"
1346,"勝利はすぐそこだよ、{{T}}!"
1347,"{{K786}}"
1348,"コンカーをかけてジャックハンマー彫刻の"
,"チャレンジにもう一度挑戦するかい？"
1349,"チャレンジに挑戦するよ！"
1350,"チャレンジのコツを教えてよ。"
1351,"今はやめておく。"
1352,"{{K786}}"
1353,"がんばってきなよ、{{T}}!"
1354,"{{K786}}"
1355,"実際に自分の顔で真似てみると覚えやすい"
,"かもしれないね。"
1356,"{{K786}}"
1357,"緑のゲージに合わせて、加減しながら"
,"リモコンを振ることが大事だよ。"
1358,"{{K786}}"
1359,"君はBLUEチームの子だね。"
,"Snow Fortsをコンカーしたいなら、まずはイベンツを"
,"クリアしてもらうよ？"
1360,"どんなイベンツでもクリアしてみせるよ！"
1361,"イベンツのミッション内容を教えて！"
1362,"今はやめておく。"
1363,"{{K786}}"
1364,"よろしい、では正々堂々と戦ってくるように。"
,"健闘を祈る。"
1365,"{{K700}}"
1366,"くっそー、BLUEチームめー。"
,"ここで叩き潰してやる！"
1367,"{{K712}}"
1368,"良いペースでコンカーできてるね。"
,"次も頼りにしてるよ、<PC NAME>"
1369,"{{K717}}"
1370,"みんなはSnow FortsとSki Villageをコンカーしに"
,"行っちゃったよ。僕は留守番してるんだ。"
1371,"{{K717}}"
1372,"Snow Fortsをコンカーしたんだってね。さすがだよ。"
,"次はSki VIllageだね。"
1373,"{{K717}}"
1374,"Ski VIllageをコンカーしたんだってね。さすがだよ。"
,"次はSnow Fortsだね。"
1375,"{{K716}}"
1376,"いやー、海はいいなあ。"
,"ここがBLUEチームの物になったなんて最高だよ。"
1377,"{{K704}}"
1378,"これ以上BLUEの支配エリアを広げさせないぞ。"
1379,"{{K710}}"
1380,"今からイベンツで対戦するんだ。"
,"<PC NAME>、手伝ってくれ。"
1381,"{{K720}}"
1382,"なんかBLUEばっかりエリアを広げてて面白く"
,"ないから、ここは俺達が支配するぞ。"
1383,"{{K730}}"
1384,"ここは景色が美しいから、俺たちYELLOWチームにこそ相応しいんだ。"
1385,"{{K786}}"
1386,"君はBLUEチームの子だね。"
,"Ski Villageをコンカーしたいなら、まずは"
,"イベンツをクリアしてもらうよ？"
1387,"どんなイベンツでもクリアしてみせるよ！"
1388,"イベンツのミッション内容を教えて！"
1389,"今はやめておく。"
1390,"{{K786}}"
1391,"よろしい、では正々堂々と戦ってくるように。"
,"健闘を祈る。"
1392,"{{K700}}"
1393,"ここをコンカーしたけりゃ雪合戦で勝負だ！"
,"俺たちレッドチームに勝てるかな？"
1394,"{{K704}}"
1395,"ココはもうすぐボク達がコンカーするよ。"
1396,"{{K710}}"
1397,"よし！みんな、得意のボール投げでここを"
,"コンカーするぞ！ 準備はいいか？"
1398,"{{K786}}"
1399,"総合成績で3位以上になろう"
,"もっと上を狙ってもいいけどな。"
1400,"{{K786}}"
1401,"総合成績で2位以上になろう"
,"苦手なイベントを無くすつもりでがんばれ。"
1402,"{{K786}}"
1403,"コンカーをかけて雪合戦の"
,"チャレンジにもう一度挑戦するかい？"
1404,"チャレンジに挑戦するよ！"
1405,"チャレンジのコツを教えてよ。"
1406,"今はやめておく。"
1407,"{{K786}}"
1408,"がんばってこいよ、{{T}}!"
1409,"{{K786}}"
1410,"コンカーをかけてペンギンの持っている的に"
,"ボールを当てろのチャレンジにもう一度挑戦するかい？"
1411,"チャレンジに挑戦するよ！"
1412,"チャレンジのコツを教えてよ。"
1413,"今はやめておく。"
1414,"{{K786}}"
1415,"今度こそ勝利をつかむんだ。"
1416,"{{K786}}"
1417,"一箇所に留まると狙われるから、適度に動きながら"
,"相手を倒していくと良いかもしれないね。"
1418,"{{K786}}"
1419,"的を持つペンギンとの距離とペンギンの動きを見て"
,"タイミングを合わせることに集中するんだ。"
1420,"{{K786}}"
1421,"君はBLUEチームの子だね。"
,"Snow Fortsをコンカーしたいなら、まずは"
,"イベンツをクリアしてもらうよ？"
1422,"どんなイベンツでもクリアしてみせるよ！"
1423,"イベンツのミッション内容を教えて！"
1424,"今はやめておく。"
1425,"{{K786}}"
1426,"よろしい、では正々堂々と戦ってくるように。"
,"健闘を祈る。"
1427,"{{K700}}"
1428,"くっそー、BLUEチームめー。"
,"ここで叩き潰してやる！"
1429,"{{K714}}"
1430,"よくやった！ 連続になって悪いけど、"
,"次はThe Dockに向かってくれ。"
1431,"{{K711}}"
1432,"大変だ、みんなが出払ってた間にDockがGREENに"
,"奪われてしまったらしいぞ！"
1433,"{{K711}}"
1434,"Dockをコンカーしたのか。行動が早いな。"
,"次のターゲットはSki Villageだな。"
1435,"{{K712}}"
1436,"くっそー、GREENチームのやつらめ。"
,"ずるいぞ！"
1437,"{{K712}}"
1438,"The Dockを取り返してくれたんだね。"
,"君はチームの救世主だよ。"
1439,"{{K786}}"
1440,"君はBLUEチームの子だね。"
,"Dockをコンカーしたいなら、まずはイベンツを"
,"クリアしてもらうよ？"
1441,"どんなイベンツでもクリアしてみせるよ！"
1442,"イベンツのミッション内容を教えて！"
1443,"今はやめておく。"
1444,"{{K786}}"
1445,"よろしい、では正々堂々と戦ってくるように。"
,"健闘を祈る。"
1446,"{{K720}}"
1447,"コンカーさいこー！"
,"超楽しいぜ！"
1448,"{{K721}}"
1449,"ここはGREENの新しいホームベースになったんだ。"
1450,"{{K722}}"
1451,"あれ、BLUEチームの人だ。"
,"こんにちは、元気かい？"
1452,"{{K717}}"
1453,"ふー、Dockを取り戻せてよかったよ。"
,"一時はどうなることかと思った。"
1454,"{{K716}}"
1455,"まさかDockをコンカーされるとは……"
,"僕達調子に乗りすぎたのかな……"
1456,"{{K716}}"
1457,"聞いたよ、ホームエリアを取り戻してくれたん"
,"だってね。僕からも礼を言わせてもらうよ。"
1458,"{{K704}}"
1459,"これ以上BLUEの支配エリアを広げさせないぞ。"
1460,"{{K710}}"
1461,"今からイベンツで対戦するんだ。"
,"<PC NAME>、手伝ってくれ。"
1462,"{{K720}}"
1463,"なんかBLUEばっかりエリアを広げてて面白く"
,"ないから、ここは俺達が支配するぞ。"
1464,"{{K730}}"
1465,"ここは景色が美しいから、俺たちYELLOWチームにこそ相応しいんだ。"
1466,"{{K786}}"
1467,"君はBLUEチームの子だね。"
,"Ski Villageをコンカーしたいなら、まずは"
,"イベンツをクリアしてもらうよ？"
1468,"どんなイベンツでもクリアしてみせるよ！"
1469,"イベンツのミッション内容を教えて！"
1470,"今はやめておく。"
1471,"{{K786}}"
1472,"よろしい、では正々堂々と戦ってくるように。"
,"健闘を祈る。"
1473,"{{K710}}"
1474,"やったな、<PC NAME>"
,"ここはもういいから、Dockの方に向かってくれ。"
1475,"{{K710}}"
1476,"しまった、ホームベースを手薄にしてしまうとは。"
,"うかつだった。"
1477,"{{K710}}"
1478,"ホームベースは取り返せたのか。よかったよ。"
,"次はSnow Fortsだな。よろしく頼むぜ。"
1479,"{{K720}}"
1480,"だれ？きみたち？ここは僕らの場所になったんだ。"
,"うらやましい？"
1481,"{{K786}}"
1482,"総合成績で3位以上になろう"
,"もっと上を狙ってもいいけどな。"
1483,"{{K786}}"
1484,"総合成績で2位以上になろう"
,"苦手なイベントを無くすつもりでがんばれ。"
1485,"{{K786}}"
1486,"3種目でチームグリーンに勝とう！　だよ。"
,"グリーン以外のチームは気にしなくてもいいからな。"
1487,"{{K786}}"
1488,"コンカーをかけて雪合戦の"
,"チャレンジにもう一度挑戦するかい？"
1489,"チャレンジに挑戦するよ！"
1490,"チャレンジのコツを教えてよ。"
1491,"今はやめておく。"
1492,"{{K786}}"
1493,"がんばってこいよ、{{T}}!"
1494,"{{K786}}"
1495,"コンカーをかけてペンギンの持っている的に"
,"ボールを当てろのチャレンジにもう一度挑戦するかい？"
1496,"チャレンジに挑戦するよ！"
1497,"チャレンジのコツを教えてよ。"
1498,"今はやめておく。"
1499,"{{K786}}"
1500,"今度こそ勝利をつかむんだ。"
1501,"{{K786}}"
1502,"コンカーをかけて看板を塗りつぶせの"
,"チャレンジにもう一度挑戦するかい？"
1503,"チャレンジに挑戦するよ！"
1504,"チャレンジのコツを教えてよ。"
1505,"今はやめておく。"
1506,"{{K786}}"
1507,"実力でホームを取り返すんだ、{{T}}!"
1508,"{{K786}}"
1509,"一箇所に留まると狙われるから、適度に動きながら"
,"相手を倒していくと良いかもしれないね。"
1510,"{{K786}}"
1511,"的を持つペンギンとの距離とペンギンの動きを見て"
,"タイミングを合わせることに集中するんだ。"
1512,"{{K786}}"
1513,"邪魔をしてくるペンギンを逆に邪魔する"
,"事ができれば楽になるかもしれないね。"
1514,"{{K711}}"
1515,"いよいよBLUEの勝利も目前だな。"
,"なんだか緊張してきたよ。"
1516,"{{K712}}"
1517,"やあ、<PC NAME>、大活躍だね。"
,"最後もがんばってね。"
1518,"{{K717}}"
1519,"もうDockも大丈夫だよ。"
,"さあ優勝を目指してもうひとがんばりだ。"
1520,"{{K716}}"
1521,"よし、あとはSki Hillだけだな。"
,"最後まで気を引き締めていこう。"
1522,"{{K710}}"
1523,"<PC NAME>、Ski Hillのコンカーはまかせたぞ。"
1524,"{{K786}}"
1525,"君はBLUEチームの子だね。"
,"Ski Hillをコンカーしたいなら、"
,"まずはイベンツをクリアしてもらうよ？"
1526,"どんなイベンツでもクリアしてみせるよ！"
1527,"イベンツのミッション内容を教えて！"
1528,"今はやめておく。"
1529,"{{K786}}"
1530,"よろしい、では正々堂々と戦ってくるように。"
,"健闘を祈る。"
1531,"{{K700}}"
1532,"BLUEには負けたくない、"
,"BLUEには負けたくない。"
,"絶対に負けられないぞ！"
1533,"{{K714}}"
1534,"ここをコンカーすれば優勝だ。"
,"お互い全力を尽くそう！"
1535,"{{K724}}"
1536,"こんなに楽しいイベント、ここで終わらせて"
,"たまるか。勝って、もっとイベントを続けるぞ。"
1537,"{{K734}}"
1538,"ここをとって反撃開始して……"
,"奇跡の逆転優勝に一直線だ。"
1539,"{{K786}}"
1540,"Ski Hillにコンカーの証になる"
,"風船をかかげてみないか？"
1541,"{{K786}}"
1542,"大きく風船を膨らまし、空高く自分"
,"たちのチームカラーをアピールできた"
,"チームがこの場所をコンカーできます。"
1543,"{{K786}}"
1544,"総合成績で1位になろう！"
,"ここまで来た君にならできるさ。"
1545,"{{K786}}"
1546,"コンカーをかけて巨大風船を膨らませろの"
,"チャレンジにもう一度挑戦するかい？"
1547,"チャレンジに挑戦するよ！"
1548,"チャレンジのコツを教えてよ。"
1549,"今はやめておく。"
1550,"{{K786}}"
1551,"優勝は目前だぞ、{{T}}!"
1552,"{{K786}}"
1553,"最初は激しく、そして徐々にゆっくりと風船を"
,"膨らませていくと良いんじゃないかな。"
1554,"{{K711}}"
1555,"やったな、<PC NAME>。"
,"チームワークの勝利だな。"
1556,"{{K704}}"
1557,"まったく、お前みたいなやつがBLUEチームに"
,"いるとは計算違いだったよ……くっそー。"
1558,"{{K712}}"
1559,"さすがBLUEチームだね。"
,"我ながらここまで強いとは思わなかったよ。"
1560,"{{K720}}"
1561,"いやー、つよかったね、BLUEチームは。"
,"でも次はこう簡単にいかないからな。"
1562,"{{K717}}"
1563,"やった、BLUEチーム優勝だ！"
,"僕もちょっとは優勝に貢献できたかな……"
1564,"{{K713}}"
1565,"やっぱり団結力が勝負の決め手だったな。"
,"はっはっは。"
1566,"{{K715}}"
1567,"僕もチームのためにがんばった甲斐があったよ。"
,"目立たないところでだけど……"
1568,"{{K716}}"
1569,"やっぱりBLUEチームは素晴らしいチームだよ。"
,"入ってよかったよ。"
1570,"{{K730}}"
1571,"くやしいけど、さすがだよ。"
,"おめでとう、BLUEチームのみんな。"
1572,"{{K710}}"
1573,"優勝かー。いやー、すがすがしい気分だね。"
,"BLUEという色を誇りに思うよ。"
1574,"{{K724}}"
1575,"おめでとう、BLUEチーム。"
,"すばらしい戦いだったよ。"
1576,"{{K734}}"
1577,"いやー、完敗だったよ。"
,"BLUEチームの結束力はさすがだね。"
1578,"{{K700}}"
1579,"くっそ、この借りは必ず返すからな。"
,"覚えてろよ。"
1580,"{{K714}}"
1581,"お疲れさま、<PC NAME>"
,"よくやってくれたよ。"
1582,"{{K781}}"
1583,"やあ！{{T}}!"
,"イベンツにむけて{{K605}}を"
,"れんしゅうしにきたのかい？"
1584,"{{K605}}をれんしゅうする。"
1585,"イベンツにむけてやすんでおく。"
1586,"こんどでいいや またね。"
1587,"{{K781}}"
1588,"がんばってね、 {{T}}!"
1589,"{{K781}}"
1590,"やあ！{{T}}!"
,"{{K605}}で遊んでみる?"
1591,"シングルマッチであそぶ"
1592,"やめておくよ。"
1593,"こんどでいいや またね。"
1594,"{{K781}}"
1595,"たのしんできてね {{T}}!"
1596,"{{K771}}"
1597,"やあ！{{T}}!"
,"イベンツにむけて{{K610}}を"
,"れんしゅうしたいのかい？"
1598,"シングルでプレイ"
1599,"ペアでプレイ"
1600,"こんどでいいや またね。"
1601,"{{K771}}"
1602,"がんばってね、 {{T}}!"
1603,"{{K771}}"
1604,"やあ！{{T}}!"
,"{{K610}}で遊んでみる?"
1605,"シングルマッチであそぶ"
1606,"チームマッチであそぶ"
1607,"こんどでいいや またね。"
1608,"{{K771}}"
1609,"たのしんできてね {{T}}!"
1610,"{{K782}}"
1611,"やあ！{{T}}!"
,"イベンツにむけて{{K608}}を"
,"れんしゅうする？"
1612,"シングルでプレイ"
1613,"ペアでプレイ"
1614,"こんどでいいや またね。"
1615,"{{K782}}"
1616,"がんばってね、 {{T}}!"
1617,"{{K782}}"
1618,"やあ！{{T}}!"
,"{{K608}}で遊んでみる?"
1619,"シングルマッチであそぶ"
1620,"チームマッチであそぶ"
1621,"こんどでいいや またね。"
1622,"{{K782}}"
1623,"たのしんできてね {{T}}!"
1624,"{{K780}}"
1625,"あら！{{T}}!"
,"イベンツにむけて{{K602}}を"
,"れんしゅうするの？"
1626,"シングルでプレイ"
1627,"ペアでプレイ"
1628,"こんどでいいや またね。"
1629,"{{K780}}"
1630,"がんばってね、 {{T}}!"
1631,"{{K780}}"
1632,"やあ！{{T}}!"
,"{{K602}}で遊んでみる?"
1633,"シングルマッチであそぶ"
1634,"チームマッチであそぶ"
1635,"こんどでいいや またね。"
1636,"{{K780}}"
1637,"たのしんできてね {{T}}!"
1638,"{{K767}}"
1639,"やあ！{{T}}!"
,"イベンツにむけて{{K603}}を"
,"れんしゅうするかい？"
1640,"シングルでプレイ"
1641,"やめておくよ。"
1642,"こんどでいいや またね。"
1643,"{{K767}}"
1644,"がんばってね、 {{T}}!"
1645,"{{K767}}"
1646,"やあ！{{T}}!"
,"{{K603}}で遊んでみる?"
1647,"{{K603}}で遊びたい。"
1648,"やめておくよ。"
1649,"こんどでいいや またね。"
1650,"{{K767}}"
1651,"たのしんできてね {{T}}!"
1652,"{{K763}}"
1653,"やあ！{{T}}!"
,"イベンツにむけて{{K604}}を"
,"れんしゅうするのかい？"
1654,"シングルでプレイ"
1655,"ペアでプレイ"
1656,"こんどでいいや またね。"
1657,"{{K763}}"
1658,"がんばってね、 {{T}}!"
1659,"{{K763}}"
1660,"やあ！{{T}}!"
,"{{K604}}で遊んでみる?"
1661,"シングルマッチであそぶ"
1662,"チームマッチであそぶ"
1663,"こんどでいいや またね。"
1664,"{{K763}}"
1665,"たのしんできてね {{T}}!"
1666,"{{K783}}"
1667,"やあ！{{T}}!"
,"イベンツにむけて{{K612}}を"
,"れんしゅうするのかい？"
1668,"シングルでプレイ"
1669,"ペアでプレイ"
1670,"こんどでいいや またね。"
1671,"{{K783}}"
1672,"がんばってね、 {{T}}!"
1673,"{{K783}}"
1674,"やあ！{{T}}!"
,"{{K612}}で遊んでみる?"
1675,"シングルマッチであそぶ"
1676,"チームマッチであそぶ"
1677,"こんどでいいや またね。"
1678,"{{K783}}"
1679,"たのしんできてね {{T}}!"
1680,"{{K761}}"
1681,"やあ！{{T}}!"
,"イベンツにむけてJava Sack Raceを"
,"れんしゅうするかい？"
1682,"シングルでプレイ"
1683,"ペアでプレイ"
1684,"こんどでいいや またね。"
1685,"{{K761}}"
1686,"がんばってね、 {{T}}!"
1687,"{{K761}}"
1688,"やあ！{{T}}!"
,"Java Sack Raceで遊んでみる?"
1689,"シングルマッチであそぶ"
1690,"チームマッチであそぶ"
1691,"こんどでいいや またね。"
1692,"{{K761}}"
1693,"たのしんできてね {{T}}!"
1694,"{{K762}}"
1695,"やあ！{{T}}!"
,"イベンツにむけて{{K601}}で"
,"れんしゅうする？"
1696,"シングルでプレイ"
1697,"ペアでプレイ"
1698,"こんどでいいや またね。"
1699,"{{K762}}"
1700,"がんばってね、 {{T}}!"
1701,"{{K762}}"
1702,"やあ！{{T}}!"
,"{{K601}}で遊んでみる?"
1703,"シングルマッチであそぶ"
1704,"チームマッチであそぶ"
1705,"こんどでいいや またね。"
1706,"{{K762}}"
1707,"たのしんできてね {{T}}!"
1708,"{{K765}}"
1709,"やあ！{{T}}!"
,"イベンツにむけて{{K607}}を"
,"れんしゅうするかい？"
1710,"シングルでプレイ"
1711,"ペアでプレイ"
1712,"こんどでいいや またね。"
1713,"{{K765}}"
1714,"がんばってね、 {{T}}!"
1715,"{{K765}}"
1716,"やあ！{{T}}!"
,"{{K607}}で遊んでみる?"
1717,"シングルマッチであそぶ"
1718,"チームマッチであそぶ"
1719,"こんどでいいや またね。"
1720,"{{K765}}"
1721,"たのしんできてね {{T}}!"
1722,"{{K764}}"
1723,"やあ！{{T}}!"
,"イベンツにむけて{{K609}}を"
,"れんしゅうするかい？"
1724,"シングルでプレイ"
1725,"ペアでプレイ"
1726,"こんどでいいや またね。"
1727,"{{K764}}"
1728,"がんばってね、 {{T}}!"
1729,"{{K764}}"
1730,"やあ！{{T}}!"
,"{{K609}}で遊んでみる?"
1731,"シングルマッチであそぶ"
1732,"チームマッチであそぶ"
1733,"こんどでいいや またね。"
1734,"{{K764}}"
1735,"たのしんできてね {{T}}!"
1736,"{{K766}}"
1737,"やあ！{{T}}!"
,"イベンツにむけて{{K611}}を"
,"れんしゅうするかい？"
1738,"シングルでプレイ"
1739,"ペアでプレイ"
1740,"こんどでいいや またね。"
1741,"{{K766}}"
1742,"がんばってね、 {{T}}!"
1743,"{{K766}}"
1744,"やあ！{{T}}!"
,"{{K611}}で遊んでみる?"
1745,"シングルマッチであそぶ"
1746,"チームマッチであそぶ"
1747,"こんどでいいや またね。"
1748,"{{K766}}"
1749,"たのしんできてね {{T}}!"
1750,"under construction"
1751,"Temporary data"
1752,"{{K700}}"
1753,"来たな、GREENチームめ。"
,"ここは俺達の場所だ！お前たちには渡さん！"
1754,"{{K786}}"
1755,"君はGREENチームの子だね。"
,"Snow Fortsをコンカーしたいなら、まずはイベンツを"
,"クリアしてもらうよ？"
1756,"どんなイベンツでもクリアしてみせるよ！"
1757,"イベンツのミッション内容を教えて！"
1758,"今はやめておく。"
1759,"{{K786}}"
1760,"よろしい、では正々堂々と戦ってくるように。"
,"健闘を祈る。"
1761,"{{K720}}"
1762,"まずは手始めに近場のSnow FortsとThe Dockを"
,"緑色の染めようじゃないか。"
1763,"{{K720}}"
1764,"Greenチームへようこそ。一緒にゲームデイを楽しもう。"
,"まずはゲームデイについて説明しておくよ。"
1765,"{{K720}}"
1766,"ゲームデイの６つのイベントゾーンで審判に"
,"話しかけると、それぞれに用意されたイベン"
,"ツとチャレンジに挑戦できるんだ。"
1767,"{{K720}}"
1768,"イベンツとチャレンジをクリアすると、その"
,"ゾーンをコンカーでき、６つ全てのゾーンを"
,"コンカーしたチームがゲームデイの勝者になるんだ。"
1769,"{{K720}}"
1770,"まあ、盛り上がれば何でもいいけどね！ ヒャッフー！"
1771,"{{K720}}"
1772,"何か聞きたいことがあるかい？"
1773,"もう一度ゲームデイについて聞きたい。"
1774,"どこを攻めればいいんだっけ？"
1775,"いや、大丈夫だよ。"
1776,"{{K727}}"
1777,"やあ、こんにちは。"
,"Townでわからない事があるなら教えてあげるよ。"
1778,"買い物をするにはどうすればいいの？"
1779,"Dancingを遊ぶにはどうすればいいの？"
1780,"わかってるから別にいいよ。"
1781,"{{K727}}"
1782,"買い物をしたいなら向かって右にいるGift Shopに"
,"入ってごらんよ。"
,"チームカラーのグッズ等が売ってるよ。"
1783,"{{K727}}"
1784,"DancingはNight Clubの中で遊ぶんだ。{{K782}}に"
,"話しかければ案内してくれるらしいけど……"
,"今はいないね。また後で来るといいよ。"
1785,"{{K727}}"
1786,"そうか、それならいいや。"
,"じゃあね、<PC NAME>"
1787,"{{K710}}"
1788,"君もイベンツに参加する人かい？"
,"対戦することになったら、正々堂々勝負しよう。"
1789,"{{K714}}"
1790,"ここは私達の場所だ！！"
,"他のチームには渡さないよ。"
1791,"{{K786}}"
1792,"君はGREENチームの子だね。"
,"The Dockをコンカーしたいなら、まずはイベンツを"
,"クリアしてもらうよ？"
1793,"どんなイベンツでもクリアしてみせるよ！"
1794,"イベンツのミッション内容を教えて！"
1795,"今はやめておく。"
1796,"{{K786}}"
1797,"よろしい、では正々堂々と戦ってくるように。"
,"健闘を祈る。"
1798,"{{K730}}"
1799,"全エリアを黄色に染めたらさぞかし綺麗だろうなあ……"
1800,"{{K734}}"
1801,"ここも良い場所だけど、Townもにぎやかで楽しそうだね。"
1802,"{{K721}}"
1803,"やあ、<PC NAME>  君もこのエリアの様子を見に"
,"きたのか。残念ながらまだイベンツに挑戦できない"
,"みたいだよ。"
1804,"{{K700}}"
1805,"ここをコンカーしたけりゃ雪合戦で勝負だ！"
,"俺たちレッドチームに勝てるかな？"
1806,"{{K786}}"
1807,"キミ達が新しいチャレンジャーだね。"
,"キミ達のイベンツのプレイは見事だった、歓迎するよ、"
1808,"{{K786}}"
1809,"BLUEチームのチームワークは最高だ。キミ達が"
,"それを上回れば、きっと勝利することができるだろう！"
1810,"{{K786}}"
1811,"300points以上獲得せよ！"
,"順位が悪くても、まずは最後までやりとげる"
,"といいよ。"
1812,"{{K786}}"
1813,"350points以上獲得せよ！"
,"1回でも1位をとれれば、それでクリアだよ。"
1814,"{{K786}}"
1815,"コンカーをかけて雪合戦の"
,"チャレンジにもう一度挑戦するかい？"
1816,"チャレンジに挑戦するよ！"
1817,"チャレンジのコツを教えてよ。"
1818,"今はやめておく。"
1819,"{{K786}}"
1820,"全力でぶつかっていくんだ、{{T}}!"
1821,"{{K786}}"
1822,"コンカーをかけて看板を塗りつぶせの"
,"チャレンジにもう一度挑戦するかい？"
1823,"チャレンジに挑戦するよ！"
1824,"チャレンジのコツを教えてよ。"
1825,"今はやめておく。"
1826,"{{K786}}"
1827,"がんばれよ、{{T}}!"
1828,"{{K786}}"
1829,"一箇所に留まると狙われるから、適度に動きながら"
,"相手を倒していくと良いかもしれないね。"
1830,"{{K786}}"
1831,"邪魔をしてくるペンギンを逆に邪魔する"
,"事ができれば楽になるかもしれないね。"
1832,"{{K700}}"
1833,"来たな、GREENチームめ。"
,"ここは俺達の場所だ！お前たちには渡さん！"
1834,"{{K786}}"
1835,"君はGREENチームの子だね。"
,"Snow Fortsをコンカーしたいなら、"
,"まずはイベンツをクリアしてもらうよ？"
1836,"どんなイベンツでもクリアしてみせるよ！"
1837,"イベンツのミッション内容を教えて！"
1838,"今はやめておく。"
1839,"{{K786}}"
1840,"よろしい、では正々堂々と戦ってくるように。"
,"健闘を祈る。"
1841,"{{K724}}"
1842,"大変だ、<PC NAME>"
,"TownがYELLOWチームにコンカーされちゃったよ。"
1843,"{{K724}}"
1844,"Dock をコンカーしたのか。ナイスだぜ。"
,"次はTownを取り返さないとな！"
1845,"{{K724}}"
1846,"もうTownを取り返したのか。"
,"やるなあ、<PC NAME>"
,"じゃあ次はDockだな。"
1847,"{{K735}}"
1848,"良いグッズがいっぱいあるなあ。"
,"どれにしようかな。"
1849,"{{K730}}"
1850,"すべての場所を黄色に染めたら"
,"どんな感じだろう……"
,"わくわくするなー。"
1851,"{{K734}}"
1852,"うーん、いい香りだ。リラックスしてる"
,"今なら何か良い芸術作品が作れそうな"
,"気がするよ。"
1853,"{{K786}}"
1854,"君はGREENチームの子だね。"
,"Townをコンカーしたいなら、"
,"まずはイベンツをクリアしてもらうよ？"
1855,"どんなイベンツでもクリアしてみせるよ！"
1856,"イベンツのミッション内容を教えて！"
1857,"今はやめておく。"
1858,"{{K786}}"
1859,"よろしい、では正々堂々と戦ってくるように。"
,"健闘を祈る。"
1860,"{{K720}}"
1861,"ふー、よくTownを取り戻してくれた。"
,"さて、お返しを考えておかないとな……"
1862,"{{K710}}"
1863,"君もイベンツに参加する人かい？"
,"対戦することになったら、正々堂々勝負しよう。"
1864,"{{K714}}"
1865,"ここは私達の場所だ！！"
,"他のチームには渡さないよ。"
1866,"{{K725}}"
1867,"YELLOWチームにTownをコンカーされちゃうなんて。"
,"せっかくここをコンカーしたのに……"
,"これじゃ差し引き０じゃないか。"
1868,"{{K725}}"
1869,"<PC NAME>、Townのコンカーはまかせたよ。"
,"楽しいTownを取り戻してくれ。"
1870,"{{K725}}"
1871,"Townは取り戻せたんだね。ほっとしたよ。"
,"さあ、次はSnow Fortsを緑に染めちゃおう！"
1872,"{{K786}}"
1873,"君はGREENチームの子だね。"
,"The Dockをコンカーしたいなら、"
,"まずはイベンツをクリアしてもらうよ？"
1874,"どんなイベンツでもクリアしてみせるよ！"
1875,"イベンツのミッション内容を教えて！"
1876,"今はやめておく。"
1877,"{{K786}}"
1878,"よろしい、では正々堂々と戦ってくるように。"
,"健闘を祈る。"
1879,"{{K731}}"
1880,"悪いけど、Townも黄色にさせてもらったよ。"
,"あそこはやはり黄色の方が似合うと思うんだ。"
1881,"{{K731}}"
1882,"えー、もうTownを取り返されちゃうなんて……"
,"でも諦めないぞ！"
1883,"{{K721}}"
1884,"Ski HIllは眺めがいいなー。"
,"早くここを緑色に染めたいぜ。"
1885,"{{K700}}"
1886,"ここをコンカーしたけりゃ雪合戦で勝負だ！"
,"俺たちレッドチームに勝てるかな？"
1887,"{{K786}}"
1888,"キミ達が新しいチャレンジャーだね。"
,"キミ達のイベンツのプレイは見事だった、"
,"歓迎するよ、"
1889,"{{K786}}"
1890,"BLUEチームのチームワークは最高だ。"
,"キミ達がそれを上回れば、きっと"
,"勝利することができるだろう！"
1891,"{{K730}}"
1892,"へえ、めずらしくやる気みたいだね。"
,"でもTownはいい所だから気に入たんだ。"
,"もう譲りたくないなあ。"
1893,"{{K786}}"
1894,"300points以上獲得せよ！"
,"順位が悪くても、まずは最後までやりとげる"
,"といいよ。"
1895,"{{K786}}"
1896,"350points以上獲得せよ！"
,"1回でも1位をとれれば、それでクリアだよ。"
1897,"{{K786}}"
1898,"2種目でチームイエローに勝とう！　だよ。"
,"ここで得意な種目を作っておくといいよ。"
1899,"{{K786}}"
1900,"コンカーをかけて雪合戦の"
,"チャレンジにもう一度挑戦するかい？"
1901,"チャレンジに挑戦するよ！"
1902,"チャレンジのコツを教えてよ。"
1903,"今はやめておく。"
1904,"{{K786}}"
1905,"全力でぶつかっていくんだ、{{T}}!"
1906,"{{K786}}"
1907,"コンカーをかけて看板を塗りつぶせの"
,"チャレンジにもう一度挑戦するかい？"
1908,"チャレンジに挑戦するよ！"
1909,"チャレンジのコツを教えてよ。"
1910,"今はやめておく。"
1911,"{{K786}}"
1912,"がんばれよ、{{T}}!"
1913,"{{K786}}"
1914,"コンカーをかけて百面相の"
,"チャレンジにもう一度挑戦するかい？"
1915,"チャレンジに挑戦するよ！"
1916,"チャレンジのコツを教えてよ。"
1917,"今はやめておく。"
1918,"{{K786}}"
1919,"それでは健闘を祈ってるよ。"
1920,"{{K786}}"
1921,"一箇所に留まると狙われるから、適度に動きながら"
,"相手を倒していくと良いかもしれないね。"
1922,"{{K786}}"
1923,"邪魔をしてくるペンギンを逆に邪魔する"
,"事ができれば楽になるかもしれないね。"
1924,"{{K786}}"
1925,"実際に自分の顔で真似てみると覚えやすい"
,"かもしれないね。"
1926,"{{K726}}"
1927,"もう島の半分がGREENの物になったね。"
,"この勢いのまま、最後まで行っちゃおう。"
1928,"{{K726}}"
1929,"あと２つのエリアをコンカーすればいいんだね。"
,"さあ、次はSki Villageだ。"
1930,"{{K726}}"
1931,"あと２つのエリアをコンカーすればいいんだね。"
,"さあ、次はThe Beachだ。"
1932,"{{K720}}"
1933,"次に狙うのはSki VillageとTheBeachだ。"
,"特にYELLOWチームにはTownを取られた借りを"
,"しっかり返さないとな。"
1934,"{{K720}}"
1935,"あとは中立地帯を残すのみだな。"
,"次はSki VIllageだ。頼むぞ、<PC NAME>"
1936,"{{K720}}"
1937,"Ski Villageも緑色になったな。"
,"さあ、次はThe Beachで黄色を緑色に"
,"塗り替えてやろう。"
1938,"{{K725}}"
1939,"こうやってどんどんGREENのエリアを広げて"
,"いけるなんて、わくわくするね。"
,"コンカー、最高！"
1940,"{{K786}}"
1941,"君はGREENチームの子だね。"
,"The Beachをコンカーしたいなら、"
,"まずはイベンツをクリアしてもらうよ？"
1942,"どんなイベンツでもクリアしてみせるよ！"
1943,"イベンツのミッション内容を教えて！"
1944,"今はやめておく。"
1945,"{{K786}}"
1946,"よろしい、では正々堂々と戦ってくるように。"
,"健闘を祈る。"
1947,"{{K730}}"
1948,"よくも俺達が美しい黄色に塗り替えたTownを……"
1949,"{{K731}}"
1950,"このBeachだけは絶対に誰にも譲れないぞ。"
1951,"{{K724}}"
1952,"あと２箇所でGREENの完全制覇だな。"
,"次はSki Villageだ。"
,"<PC NAME>、よろしく頼むぞ。"
1953,"{{K722}}"
1954,"どうだ、見たかYELLOWチームめ！"
1955,"{{K786}}"
1956,"Ski Villageをコンカーしたいなら、まずはイベンツを"
,"クリアしてもらうよ？"
1957,"どんなイベンツでもクリアしてみせるよ！"
1958,"イベンツのミッション内容を教えて！"
1959,"今はやめておく。"
1960,"{{K786}}"
1961,"よろしい、では正々堂々と戦ってくるように。"
,"健闘を祈る。"
1962,"{{K721}}"
1963,"よし、<PC NAME>"
,"絶対にここを手に入れようぜ！"
1964,"{{K734}}"
1965,"みてろよ、GREENチームめ。"
,"Townの借りはきっちり返してやる！"
1966,"{{K700}}"
1967,"ここからREDチームが巻き返すんだ。"
,"絶対勝つぞ！"
1968,"{{K710}}"
1969,"キミ達に勝たせてばかりいられないからな。"
,"よーし、がんばるぞ！"
1970,"{{K721}}"
1971,"やった！ ついにこの素晴らしい"
,"エリアが僕たちGREENチームの物に"
,"なったね。"
1972,"{{K786}}"
1973,"今から大きな彫刻をしてもらいます。"
,"素晴らしい彫刻を作れたら、コンカー"
,"させてあげよう。"
1974,"{{K786}}"
1975,"ここをコンカーしたかったら、"
,"イベンツをクリアするんだ。"
1976,"Green Team Members"
1977,"わはははははーっ！！"
1978,"{{K721}}"
1979,"鼻眼鏡みたいな面白いのもの"
,"集めてこようぜ！"
1980,"{{K786}}"
1981,"それはいい！ たくさん集めてきたら"
,"コンカーしたことにしてあげよう。"
,"集める範囲はGame Dayのエリア全域だ！"
1982,"{{K786}}"
1983,"コインを20枚とろう！"
,"順位を気にせず、コインだけに集中するんだ。"
1984,"{{K786}}"
1985,"500points以上獲得せよ！"
,"得意なイベントで一気にポイントを稼いでもいいよ。"
1986,"{{K786}}"
1987,"コンカーをかけてジャックハンマー彫刻の"
,"チャレンジにもう一度挑戦するかい？"
1988,"チャレンジに挑戦するよ！"
1989,"チャレンジのコツを教えてよ。"
1990,"今はやめておく。"
1991,"{{K786}}"
1992,"完成を楽しみにしてるよ、{{T}}!"
1993,"{{K786}}"
1994,"コンカーをかけて変な物集めの"
,"チャレンジにもう一度挑戦するかい？"
1995,"チャレンジに挑戦するよ！"
1996,"チャレンジのコツを教えてよ。"
1997,"今はやめておく。"
1998,"{{K786}}"
1999,"がんばってこいよ、{{T}}!"
2000,"{{K786}}"
2001,"緑のゲージに合わせて、加減しながら"
,"リモコンを振ることが大事だよ。"
2002,"{{K786}}"
2003,"他のペンギン達が何か知ってるかもしれないね。"
,"話を聞いてみるといいんじゃないかな。"
2004,"{{K726}}"
2005,"いよいよ後はSki Hillを残すのみだね。"
,"僕はここで応援してるよ。"
,"頼んだよ、<PC NAME>"
2006,"{{K723}}"
2007,"いよいよ、最後のエリアだね。"
,"いつものノリで最後まで楽しもう！"
2008,"{{K725}}"
2009,"もうすぐ優勝だね。"
,"全エリアが緑になるなんて、わくわくするよ。"
2010,"{{K722}}"
2011,"Ski Hillが緑に染まる瞬間をここで楽しみに待ってるよ。"
,"がんばってね、<PC NAME>"
2012,"{{K721}}"
2013,"あとはSki Hillをコンカーすれば優勝だな。"
,"俺はここから見守ることにするよ。"
2014,"{{K786}}"
2015,"さすがGREENチーム、愉快な連中だな。"
2016,"{{K786}}"
2017,"君はGREENチームの子だね。"
,"Ski Hillをコンカーしたいなら、まずはイベンツを"
,"クリアしてもらうよ？"
2018,"どんなイベンツでもクリアしてみせるよ！"
2019,"イベンツのミッション内容を教えて！"
2020,"今はやめておく。"
2021,"{{K786}}"
2022,"よろしい、では正々堂々と戦ってくるように。"
,"健闘を祈る。"
2023,"{{K720}}"
2024,"いよいよこれで最後だな！"
,"さあ、楽しく終わろうぜ。"
2025,"{{K727}}"
2026,"やあ、<PC NAME>"
,"応援にきたよー。"
2027,"{{K724}}"
2028,"<PC NAME>、勝って馬鹿騒ぎしようぜ！"
2029,"{{K786}}"
2030,"いよいよ最後の最後だ。"
,"キミ達は最高のチームになれるかな？"
2031,"{{K786}}"
2032,"キミ達がこの場所を盛り上げる事が"
,"できたなら、ここはキミ達の物だ。"
,"やってみるかい？"
2033,"{{K720}}"
2034,"よしみんな！ 最後だから"
,"景気よくいこうぜ！"
2035,"{{K786}}"
2036,"600points以上獲得せよ！ だよ。"
,"油断すると規定pointに届かなくなるから注意しろよ。"
2037,"{{K786}}"
2038,"コンカーをかけて全員で踊れの"
,"チャレンジにもう一度挑戦するかい？"
2039,"チャレンジに挑戦するよ！"
2040,"チャレンジのコツを教えてよ。"
2041,"今はやめておく。"
2042,"{{K786}}"
2043,"盛り上げてくれよ、{{T}}!"
2044,"{{K786}}"
2045,"ペンギンとパッフルが踊りをやめそうになったら"
,"また近くにいってやるといいよ。"
2046,"{{K726}}"
2047,"コンカーは終わっちゃったけど、まだまだ遊ぶぞー！"
2048,"{{K723}}"
2049,"やあ、<PC NAME> 大活躍だったねー。"
,"優勝できたのはキミのおかげだよ。"
2050,"{{K720}}"
2051,"ヘーイ！ 勝利のダンスだぜ！"
2052,"{{K734}}"
2053,"ダンスでは負けないぞ！"
2054,"{{K710}}"
2055,"ふー、疲れを癒すにはやっぱりコーヒーだね。"
,"んー、いい香りだ。"
2056,"{{K725}}"
2057,"ふふふ、島中が緑だらけになっておもしろーい！"
2058,"{{K714}}"
2059,"GREENチームは凄いな。"
,"今は素直に負けを認めることにするよ。"
2060,"{{K722}}"
2061,"やったー、優勝だね。"
,"さて、次は何して遊ぼうかな。"
2062,"{{K730}}"
2063,"GREENチームの勢いに押し切られちゃったな。"
,"すごいパワーだったよ。"
2064,"{{K721}}"
2065,"いやー、楽しいイベントで優勝することができて、"
,"大満足だよ。"
2066,"{{K724}}"
2067,"あー、楽しかった。"
,"優勝もできたし、最高のGame Dayになったよ。"
2068,"{{K700}}"
2069,"くっそー、次こそは勝つからな。"
,"見てろよ、GREENチームめ。"
2070,"操作説明"
2071,"終わり"
2072,"さらにくわしく"
2073,"あそぶ！"
2074,"イベントに戻る"
2075,"ボタンテキスト予備"
2076,"{{C255,255,255}}{{X}}B{{X}}{{C}}"
2077,"とじる"
2078,"きほんルール"
2079,"持ち方"
2080,"うごかす"
2081,"bounce"
2082,"キミのパッフル"
2083,"さぁ、遊ぼう"
2084,"更に詳しく"
2085,"コンボ"
2086,"Tips"
2087,"End"
2088,"End"
2089,"さぁ、遊ぼう"
2090,"パドルで自分のパッフルを打ち続けて得点を稼ごう。"
2091,"Wii Remoteをこのように持とう。"
2092,"ポインティングした方向にパドルが動くぞ。"
2093,"パドルに当たればパッフルが上へ飛び跳ねるよ。"
2094,"自分のパドルの色と同じ色のパッフルがキミのパッフルだよ。"
2095,"更に詳しい説明が見たければ「更に詳しく」ボタンを押してね。"
2096,"ここからは更に詳しい説明をするぞ。"
2097,"自分のパッフル(Your Team's Puffle)を叩き続けると、コンボになって点がたくさん入るぞ。"
2098,"この4色の色違いパッフルを跳ねさせると、高得点やコインがもらえるぞ！"
2099,"教えるべきことはこれで全部だ！この説明をもう一度見たければ「Instructions」を選択してね。"
2100,"他のチームカラーのパッフルを跳ねさせても得点が入るよ。"
2101,"さらにくわしい説明が見たければ「さらにくわしく」ボタンを押してね。"
2102,"きほんルール"
2103,"もちかた"
2104,"うつ"
2105,"リロード"
2106,"さぁ、遊ぼう"
2107,"さらにくわしく"
2108,"しょうじゅん"
2109,"Tips"
2110,"End"
2111,"さぁ、遊ぼう"
2112,"お腹が空いたパッフルに食べさせて点数を取ろう！"
,"最後に最高のスコアを獲得したプレイヤーが勝つ。"
2113,"Wii Remoteをこのように持とう。"
2114,"狙いを定めてパッフルOを撃て！"
2115,"タンクが空になった！"
2116,"リモコンを振れ！"
2117,"タンクが満タンになったぞ！"
2118,"さらにくわしい説明が見たければ「さらにくわしく」ボタンを押してね。"
2119,"ここからはさらにくわしい説明をするぞ。"
2120,"口を開けているパッフルに照準を合わせると照準が大きくなるよ！"
2121,"パッフルは色によって食べさせたときの得点が違うよ。"
2122,"教えるべきことはこれで全部だ！この説明をもう一度見たければ「Instructions」を選択してね。"
2123,"頑張って！おいしいおやつを食べさせるように、"
,"パッフルは君に頼っているよ！"
2124,"さらにくわしい説明が見たければ「さらにくわしく」ボタンを押してね。"
2125,"きほんルール"
2126,"持ち方"
2127,"前に進む"
2128,"ブレーキ"
2129,"鬼"
2130,"さぁ、遊ぼう"
2131,"更に詳しく"
2132,"鬼に注意"
2133,"Tips"
2134,"End"
2135,"End"
2136,"さぁ、遊ぼう"
2137,"鬼ペンギンに動いているところを見つからないようにゴールまでたどり着こう！"
2138,"Wii Remoteをこのように持とう。"
2139,"Wiiリモコンを振るとゴールに向かうよ。素早く振ると速く進むんだ。"
2140,"Aボタンがブレーキだ。押しっぱなしでずっと止まっているよ。"
2141,"動いているトコロを鬼に見つかるとアウト！止まっていないといけないんだ。"
2142,"さらにくわしい説明が見たければ「さらにくわしく」ボタンを押してね。"
2143,"ここからはさらにくわしい説明をするぞ。"
2144,"鬼の表情に変化があったら振り向く合図だ。注意深く見ていよう。"
2145,"速く走っているときはAボタンを連打して止まろう。"
2146,"教えるべきことはこれで全部だ！この説明をもう一度見たければ「Instructions」を選択してね。"
2147,"止まっているときのポーズはいろいろ種類があるので、注目して見てみよう！"
2148,"さらにくわしい説明が見たければ「さらにくわしく」ボタンを押してね。"
2149,"きほんルール"
2150,"持ち方"
2151,"移動"
2152,"スティックを振る"
2153,"パック"
2154,"さぁ、遊ぼう"
2155,"更に詳しく"
2156,"雪玉発射"
2157,"溜め打ちショット"
2158,"Tips"
2159,"End"
2160,"End"
2161,"さぁ、遊ぼう"
2162,"相手のゴールにパックを打ち込んで1位を目指せ！"
2163,"Wii Remoteをこのように持とう。"
2164,"十字ボタンの左右を押すと、ペンギンを動かすことができるぞ。"
2165,"2ボタンを押すとスティックを振るぞ。"
2166,"パックが目の前に来たら、スティックを振ってパックを弾き返そう。"
2167,"パックを打ってパックの色を自分のチームカラーと同じにして相手ゴールに入れると得点だ。"
2168,"さらにくわしい説明が見たければ「さらにくわしく」ボタンを押してね。"
2169,"ここからはさらにくわしい説明をするぞ。"
2170,"1ボタンを押すと雪玉を発射だ。雪玉をパックに当てればパックの色を変えられるぞ。"
2171,"2ボタンを押し続けて離したときにパックを打ち返すと、溜め打ちショットが打てるぞ。"
2172,"溜め打ちショットのパックを溜め打ちショットで打ち返すと、炎をまとったスーパーショットになるぞ。これでゴールさせれば3点だ。"
2173,"教えるべきことはこれで全部だ！この説明をもう一度見たければ「Instructions」を選択してね。"
2174,"パックはひとつだけじゃないので、パックから目を離さないように注意しよう。"
2175,"さらにくわしい説明が見たければ「さらにくわしく」ボタンを押してね。"
2176,"きほんルール"
2177,"もちかた"
2178,"スタート"
2179,"のる"
2180,"たいじゅういどう"
2181,"さぁ、遊ぼう"
2182,"更に詳しく"
2183,"しょうがいぶつにちゅうい"
2184,"ダッシュ"
2185,"Tips"
2186,"End"
2187,"End"
2188,"さぁ、遊ぼう"
2189,"4人で協力してソリを動かして障害物を避けていこう。"
,"他のチームよりも速いタイムを目指せ！"
2190,"Wii Remoteをこのように持とう。"
2191,"スタートの合図と同時にリモコンを振ろう！"
2192,"②ボタンでソリに乗りこむぞ。旗の近くで乗り込め！"
2193,"コースの先に障害物が！"
2194,"ソリを動かしたい方向にリモコンをUの字に動かそう。"
2195,"さらにくわしい説明が見たければ「さらにくわしく」ボタンを押してね。"
2196,"ここからはさらにくわしい説明をするぞ。"
2197,"障害物にぶつかったり雪のゾーンに入ってしまうと、タイムロスになるぞ。"
2198,"このダッシュボードに乗ると、スピードアップするぞ！"
2199,"複数人プレイのときは、みんなで息を合わせて操作しよう！"
2200,"教えるべきことはこれで全部だ！この説明をもう一度見たければ「Instructions」を選択してね。"
2201,"コースは全部で9種類あるぞ。"
,"全てのコースを制覇しよう！"
2202,"さらにくわしい説明が見たければ「さらにくわしく」ボタンを押してね。"
2203,"きほんルール"
2204,"持ち方"
2205,"前に進む"
2206,"加速"
2207,"旋回"
2208,"ハイジャンプ"
2209,"さぁ、遊ぼう"
2210,"更に詳しく"
2211,"減速"
2212,"Tips"
2213,"End"
2214,"End"
2215,"さぁ、遊ぼう"
2216,"Java袋を履いてジャンプ！ジャンプ！"
,"1着を目指せ！"
2217,"Wii Remoteをこのように持とう。"
2218,"リモコンを下から上に振り上げると、ジャンプして前へ進むぞ。"
2219,"リズム良くジャンプし続けると、加速するぞ。ペンギンが地面に着地したタイミングでリモコンを振り上げるのがコツだよ。"
2220,"十字ボタンの左右を押すと、左右を向くぞ。行きたい方向に向きを変えよう。"
2221,"柵の前に来たら②ボタンを押し続けよう。"
2222,"ボタンを離すと柵を越えるハイジャンプだ。"
2223,"さらにくわしい説明が見たければ「さらにくわしく」ボタンを押してね。"
2224,"ここからはさらにくわしい説明をするぞ。"
2225,"①ボタンを押すとスローダウンだ。コーナーは①ボタンを押しながら回ろう。"
2226,"着替えボックスに入ると、いろんな袋に着替えられるぞ。"
,"袋の効果は使ってみてからのおたのしみ！"
2227,"教えるべきことはこれで全部だ！この説明をもう一度見たければ「Instructions」を選択してね。"
2228,"頭の上にある矢印が進む方向だよ。間違えないように気を付けてね！"
2229,"さらにくわしい説明が見たければ「さらにくわしく」ボタンを押してね。"
2230,"きほんルール"
2231,"持ち方"
2232,"雪玉を作る"
2233,"投げる"
2234,"動く"
2235,"走る"
2236,"さぁ、遊ぼう"
2237,"更に詳しく"
2238,"大玉"
2239,"特殊な移動"
2240,"Tips"
2241,"End"
2242,"End"
2243,"さぁ、遊ぼう"
2244,"雪玉を投げて相手に当てよう！"
2245,"Wii Remoteをこのように持とう。"
2246,"Bボタンを押すと、雪玉を作るよ。"
,"雪玉は最大5つまで作れるぞ。"
2247,"リモコンを振り下ろすと、雪玉を投げるぞ。"
2248,"十字ボタンの上下左右を押せば、ペンギンが動くぞ。"
2249,"十字ボタンの上を2回押すとペンギンがダッシュするぞ。これで素早く移動ができるぞ！"
2250,"さらにくわしい説明が見たければ「さらにくわしく」ボタンを押してね。"
2251,"ここからはさらにくわしい説明をするぞ。"
2252,"雪玉を5つ持っているときにAボタンとBボタンを同時に押すと、巨大な雪玉ができるぞ！"
2253,"十字ボタンの左か右を2回押すと横っ飛び、下に2回押すとその場で振り向くぞ。"
2254,"雪だるまの中には、白パッフルが潜んでいることがあるぞ。白パッフルを手に入れれば、雪玉をいっぱい投げることができるんだ！"
2255,"教えるべきことはこれで全部だ！この説明をもう一度見たければ「Instructions」を選択してね。"
2256,"地面が氷の場所は滑りやすくて、雪玉が作れないから要注意だ！"
2257,"さらにくわしい説明が見たければ「さらにくわしく」ボタンを押してね。"
2258,"きほんルール"
2259,"持ち方"
2260,"踊る"
2261,"見本アイコン"
2262,"周りに注意！"
2263,"さぁ、遊ぼう"
2264,"更に詳しく"
2265,"失敗"
2266,"Tips"
2267,"End"
2268,"End"
2269,"さぁ、遊ぼう"
2270,"立ち上がれ！Let's Dance!"
2271,"右手にWii Remoteを持ってストラップをつけるんだ。"
2272,"あとは見本のペンギンと同じ動きをしよう！それだけだ！"
2273,"見本は画面の左から流れてくるぞ。"
2274,"見本が大きくなったら元気よく踊ろう。"
2275,"元気も必要だけど、周りには気をつけるんだぞ！"
2276,"さらにくわしい説明が見たければ「さらにくわしく」ボタンを押してね。"
2277,"ここからはさらにくわしい説明をするぞ。"
2278,"うまくおどれてないと、ペンギンがころんでしまうぞ。"
2279,"しっぱいしないでうまくつづくと、ボーナス得点がもらえるぞ！おおきくうでをうごかすのがポイントだ！"
2280,"教えるべきことはこれで全部だ！この説明をもう一度見たければ「Instructions」を選択してね。"
2281,"繰り返すけど、隣の人にぶつからないように、周りには注意しよう！"
2282,"さらにくわしい説明が見たければ「さらにくわしく」ボタンを押してね。"
2283,"きほんルール"
2284,"持ち方"
2285,"動く"
2286,"雪玉を大きくする"
2287,"雪玉同士の衝突"
2288,"さぁ、遊ぼう"
2289,"更に詳しく"
2290,"雪玉を投げつける"
2291,"雪玉を持つ"
2292,"Tips"
2293,"End"
2294,"End"
2295,"さぁ、遊ぼう"
2296,"小さな雪玉を転がしてどんどん大きくしていこう！"
,"最後に一番大きい雪玉のプレイヤーが勝ちだ。"
2297,"Wii Remoteをこのように持とう。"
2298,"十字ボタンで移動だ！"
2299,"地面の上に積もっている雪の上を通ろう。"
2300,"雪玉が大きくなるぞ！"
2301,"雪玉をぶつけると、相手の雪玉を小さくできるぞ。"
2302,"さらにくわしい説明が見たければ「さらにくわしく」ボタンを押してね。"
2303,"ここからはさらにくわしい説明をするぞ。"
2304,"2ボタンを押すと、雪玉を突き飛ばして攻撃することができるぞ。"
2305,"雪玉を持つには誰も持っていない雪玉に触ろう。"
2306,"リモコンを振るとダッシュをするぞ。勢いを付けて相手の雪玉にぶつかれ！"
2307,"教えるべきことはこれで全部だ！この説明をもう一度見たければ「Instructions」を選択してね。"
2308,"残りタイムが0になったときに雪玉を持っていないと、記録が0になってしまうので気を付けよう！"
2309,"さらにくわしい説明が見たければ「さらにくわしく」ボタンを押してね。"
2310,"きほんルール"
2311,"持ち方"
2312,"ルーレット"
2313,"前に進む"
2314,"バランスを取る"
2315,"さぁ、遊ぼう"
2316,"更に詳しく"
2317,"早く進む"
2318,"ブレーキ"
2319,"コーヒータワー"
2320,"TIPS"
2321,"END"
2322,"さぁ、遊ぼう"
2323,"時間内にどれだけたくさんコーヒー袋を運べるかな？"
2324,"Wii Remoteを手のひらに立てるように持とう。"
2325,"最初にリモコンを振って袋の数を決めよう。"
,""
2326,"ルーレットの絵柄によって効果が違うよ。"
2327,"リモコンを真っ直ぐにすれば前進だ。"
2328,"危ない！倒れそうだ！"
2329,"リモコンをコーヒー袋の傾きと反対側に倒せ！"
2330,"さらにくわしい説明が見たければ「さらにくわしく」ボタンを押してね。"
2331,"ここからはさらにくわしい説明をするぞ。"
2332,"リモコンを前に倒すとスピードアップだ。"
2333,"リモコンを手前に傾けると止まるよ。"
2334,"コーヒー袋が倒れたらリモコンを振って早く戻れ！"
2335,"黒パッフルはオジャマパッフルで、緑パッフルはお助けパッフルだ。"
2336,"教えるべきことはこれで全部だ！この説明をもう一度見たければ「Instructions」を選択してね。"
2337,"レベルによって運べる数が変わるよ。"
2338,"さらにくわしい説明が見たければ「さらにくわしく」ボタンを押してね。"
2339,"きほんルール"
2340,"持ち方"
2341,"うごく"
2342,"アタック"
2343,"ダッシュアタック"
2344,"さぁ、遊ぼう"
2345,"更に詳しく"
2346,"おっとっと"
2347,"復帰"
2348,"復帰"
2349,"END"
2350,"さぁ、遊ぼう"
2351,"体当たりで海に落とせ！"
2352,"Wii Remoteをこのように持とう。"
2353,"十字ボタンを押すと、その方向にペンギンを動かすことができるぞ。"
2354,"相手の近くで②ボタンを押すと体当たりするよ！"
2355,"②ボタンを押し続けるとチカラが溜まっていき、②ボタンを離すとペンギンがダッシュアタックするぞ！"
2356,"さらにくわしい説明が見たければ「さらにくわしく」ボタンを押してね。"
2357,"ここからはさらにくわしい説明をするぞ。"
2358,"氷山の縁で落ちそうになったらリモコンを振ろう！"
,"危険な状況から回避できるぞ。"
2359,"海に落ちても、直ぐに空から復帰するぞ。"
2360,"落下地点は十字ボタンで移動できるぞ。"
,"急いでいる人は②ボタンを押せ！"
2361,"教えるべきことはこれで全部だ！この説明をもう一度見たければ「Instructions」を選択してね。"
2362,"Good luck！ 1いをめざしてがんばれ！"
2363,"さらにくわしい説明が見たければ「さらにくわしく」ボタンを押してね。"
2364,"きほんルール"
2365,"持ち方"
2366,"線に沿って描こう"
2367,"進む"
2368,"曲がる"
2369,"障害物を壊す"
2370,"さぁ、遊ぼう"
2371,"更に詳しく"
2372,"アタック"
2373,"アイテム"
2374,"Tips"
2375,"End"
2376,"End"
2377,"さぁ、遊ぼう"
2378,"地面に大きな絵を描こう！見本の線に沿って早くてキレイに描けたプレイヤーが勝ちだ。"
2379,"Wii Remoteをこのように持とう。"
2380,"真ん中の線に沿って描いて行こう！"
2381,"2ボタンを押すと前進、離すと止まるよ。"
2382,"曲がりたいカーブの前で②ボタンを離して止まろう。"
2383,"曲がりたい方向に十字ボタンの左右を押そう。"
2384,"②ボタンを押して進め！"
2385,"ice blockはリモコンを振って壊せ！"
2386,"さらにくわしい説明が見たければ「さらにくわしく」ボタンを押してね。"
2387,"ここからはさらにくわしい説明をするぞ。"
2388,"相手の背後に来たらリモコンを振って攻撃だ！"
2389,"箱に触れるとアイテムがゲットできるぞ。1ボタンを押せば取ったアイテムを使えるぞ。"
2390,"パッフルは自動で線を描いてくれるぞ。アンビルは壊せないので避けて通るか消えるまで待とう。"
2391,"教えるべきことはこれで全部だ！この説明をもう一度見たければ「Instructions」を選択してね。"
2392,"絵柄はで9種類あるぞ。"
,"全ての絵にチャレンジしてみよう！"
2393,"さらにくわしい説明が見たければ「さらにくわしく」ボタンを押してね。"
2394,"インストラクション 基本操作"
2395,"インストラクション さらにくわしく"
2396,"さらにくわしく"
2397,"基本操作"
2398,"持ち方"
2399,"動かせ！"
2400,"跳ね上げろ！"
2401,"君のパッフル！"
2402,"画面をポイントしてパドルを動かせ！"
2403,"自分のパッフルを空中で保つために跳ね返せ！"
2404,"自分のパッフルが落ちないようにしろ"
2405,"一番得点が高いと勝ち！"
2406,"持ち方"
2407,"狙え！"
2408,"撃て！"
2409,"リロード！"
2410,"画面をポインティングして狙え！"
2411,"{{S1.3,1.3}}{{C255,255,255}}{{X}}A{{X}}{{C}}{{S}}を押してオーベリーを撃て！"
2412,"空になったらリモコンを振ってリロードしろ！"
2413,"一番得点が高いと勝ち！"
2414,"持ち方"
2415,"見付かるな！"
2416,"進め！"
2417,"止まれ！"
2418,"Itペンギンに動いているところを見られるな！"
2419,"振って前に進め！"
2420,"{{S1.3,1.3}}{{C255,255,255}}{{X}}A{{X}}{{C}}{{S}}を押して止まれ！"
2421,"一番早く辿り着けたら勝ち！"
2422,"スピードアップ！"
2423,"急ブレーキ！"
2424,"氷に注意！"
2425,"It Penguin！"
2426,"早く振るとスピードアップ！"
2427,"{{S1.3,1.3}}{{C255,255,255}}{{X}}A{{X}}{{C}}{{S}}を連打で急ブレーキだ！"
2428,"氷の上は滑りやすいぞ！"
2429,"ケイデンスやルーキーが登場するぞ！"
2430,"持ち方"
2431,"滑ろ！"
2432,"シュート！"
2433,"ダッシュ！"
2434,"{{S1.3,1.3}}{{C255,255,255}}{{X}}J{{X}}{{C}}{{S}}で動け！"
2435,"{{S1.3,1.3}}{{C255,255,255}}{{X}}2{{X}}{{C}}{{S}}を押してシュートしろ！"
2436,"{{S1.3,1.3}}{{C255,255,255}}{{X}}1{{X}}{{C}}{{S}}を押してダッシュしろ！"
2437,"一番得点が高いと勝ち！"
2438,"溜めショット！"
2439,"雪玉ショット！"
2440,"ギミック！"
2441,"スコア！"
2442,"ショットをパワーアップするには{{S1.3,1.3}}{{C255,255,255}}{{X}}2{{X}}{{C}}{{S}}を押し続けろ！"
2443,"フルパワーのショットは雪玉を打つ！"
2444,"跳ね返りに注意しろ！"
2445,"ゴールされると減点だ！"
2446,"持ち方"
2447,"走れ！"
2448,"移動しろ！"
2449,"スピードアップ！"
2450,"走るためにWiiリモコンを振れ！"
2451,"Uの字に動かせ！"
2452,"ダッシュボードに乗ってスピードアップ！"
2453,"一番早いタイムのチームが勝ち"
2454,"持ち方"
2455,"ジャンプして前進！"
2456,"旋回！"
2457,"ハイジャンプ！"
2458,"振ってジャンプしろ！"
2459,"{{S1.3,1.3}}{{C255,255,255}}{{X}}F{{X}}{{C}}{{S}}と{{S1.3,1.3}}{{C255,255,255}}{{X}}G{{X}}{{C}}{{S}}を押して向きを変えろ！"
2460,"{{S1.3,1.3}}{{C255,255,255}}{{X}}2{{X}}{{C}}{{S}}を押し続けると高くジャンプする！"
2461,"一番早くゴールしたら勝ち！"
2462,"ブレーキ！"
2463,"スペシャル袋！"
2464,"ジェットパック！"
2465,"戻れ！"
2466,"{{S1.3,1.3}}{{C255,255,255}}{{X}}1{{X}}{{C}}{{S}}を押すとコーナーが曲がりやすいぞ！"
2467,"カーテンにジャンプすれば驚きが待っている！"
2468,"飛ぶのにジェットパックを使え！"
2469,"袋から落ちたらWiiリモコンを振れ！"
2470,"持ち方"
2471,"動け！"
2472,"作れ！"
2473,"当てろ！"
2474,"{{S1.3,1.3}}{{C255,255,255}}{{X}}J{{X}}{{C}}{{S}}で動け！"
2475,"{{S1.3,1.3}}{{C255,255,255}}{{X}}B{{X}}{{C}}{{S}}を押して雪玉を作れ！"
2476,"リモコンを振って雪玉を投げろ！"
2477,"一番得点が高いと勝ち！"
2478,"ダッシュ！"
2479,"かわせ！"
2480,"振り向け！"
2481,"大玉！"
2482,"{{S1.3,1.3}}{{C255,255,255}}{{X}}D{{X}}{{C}}{{S}}をダブルクリックでダッシュだ！"
2483,"{{S1.3,1.3}}{{C255,255,255}}{{X}}F{{X}}{{C}}{{S}} か {{S1.3,1.3}}{{C255,255,255}}{{X}}G{{X}}{{C}}{{S}}をダブルクリックで横っ飛びだ！"
2484,"{{S1.3,1.3}}{{C255,255,255}}{{X}}E{{X}}{{C}}{{S}}をダブルクリックで振り向け！"
2485,"ゲージ満タンのときに{{S1.3,1.3}}{{C255,255,255}}{{X}}A{{X}}{{C}}{{S}}+{{S1.3,1.3}}{{C255,255,255}}{{X}}B{{X}}{{C}}{{S}}を押せ！"
2486,"持ち方"
2487,"踊れ！"
2488,"元気よく踊ろう！"
2489,"コンボ！"
2490,"見本と同じ動きをしよう！"
2491,"腕を大きく振ろう！"
2492,"たくさんのダンス動きを連続で披露するとボーナス特典がもらえる！"
2493,"一番得点が高いと勝ち！"
2494,"持ち方"
2495,"ぶつろ！転がせ！"
2496,"押せ！"
2497,"大きくしろ！"
2498,"{{S1.3,1.3}}{{C255,255,255}}{{X}}J{{X}}{{C}}{{S}}で雪玉を転がしたり、他のペンギンにぶつけたりしろ！"
2499,"{{S1.3,1.3}}{{C255,255,255}}{{X}}2{{X}}{{C}}{{S}}を押すと自分の雪玉を投げること、または他のペンギンを押ことができる！"
2500,"雪玉を転がして、できるだけ大きくしろ！"
2501,"一番大きい雪玉が勝ち！"
2502,"持ち方"
2503,"運ぶ数を決めろ！"
2504,"運べ！"
2505,"バランスを取れ！"
2506,"振ってルーレットを止めろ！"
2507,"前に倒して進め！"
2508,"袋のバランスを取るようにWiiリモコンを左右に傾け！"
2509,"一番多く運んだら勝ち！"
2510,"持ち方"
2511,"動け！"
2512,"ぶつかれ！"
2513,"落ちるな！"
2514,"{{S1.3,1.3}}{{C255,255,255}}{{X}}J{{X}}{{C}}{{S}}で動け！"
2515,"{{S1.3,1.3}}{{C255,255,255}}{{X}}2{{X}}{{C}}{{S}}を押し続けて離すことでペンギンを水に落とせ！"
2516,"振ってこらえろ！"
2517,"一番得点が高いと勝ち！"
2518,"持ち方"
2519,"進め！"
2520,"なぞれ！"
2521,"止まれ！"
2522,"{{S1.3,1.3}}{{C255,255,255}}{{X}}2{{X}}{{C}}{{S}}を押して進め！"
2523,"{{S1.3,1.3}}{{C255,255,255}}{{X}}F{{X}}{{C}}{{S}}と{{S1.3,1.3}}{{C255,255,255}}{{X}}G{{X}}{{C}}{{S}}を押して向きを変えろ！"
2524,"{{S1.3,1.3}}{{C255,255,255}}{{X}}2{{X}}{{C}}{{S}}を離して止まれ！"
2525,"一番得点が高いと勝ち！"
2526,"インストラクション"
2527,"{{K786}}"
2528,"好きなチームを選んでね！"
2529,"{{K700}}"
2530,"最初のターゲットはTownとDockだ。"
,"気合を入れて攻めようぜ。"
2531,"{{K700}}"
2532,"よし、次はDockだ。"
,"Blueチームのやつらを打ち負かしてやろう。"
2533,"{{K700}}"
2534,"よし、次はTownだ。"
,"まかせたぜ、{{T}}"
2535,"{{K700}}"
2536,"よくRedを選んでくれた。早速だけど、"
,"ゲームデイの説明をしておこう。"
2537,"{{K700}}"
2538,"ゲームデイの６つのイベントゾーンで審判に"
,"話しかけると、それぞれに用意されたイベン"
,"ツとチャレンジに挑戦できるんだ。"
2539,"{{K700}}"
2540,"イベンツとチャレンジをクリアすると、その"
,"ゾーンをコンカーでき、６つ全てのゾーンを"
,"コンカーしたチームがゲームデイの勝者になるんだ。"
2541,"{{K700}}"
2542,"さあ、一緒にRedの強さをみんなに思い知らせ"
,"てやろうぜ。"
2543,"{{K700}}"
2544,"何か聞きたいことがあるかい？"
2545,"もう一度ゲームデイについて聞きたい。"
2546,"どこを攻めればいいんだっけ？"
2547,"いや、大丈夫だよ。"
2548,"{{K786}}"
2549,"君はREDチームの子だね。"
,"Townをコンカーしたいなら、まずはイベンツを"
,"クリアしてもらうよ？"
2550,"どんなイベンツでもクリアしてみせるよ！"
2551,"イベンツのミッション内容を教えて！"
2552,"今はやめておく。"
2553,"{{K786}}"
2554,"よろしい、では正々堂々と戦ってくるように。"
,"検討を祈る。"
2555,"{{K720}}"
2556,"うわー、REDチームが攻めてきたー！"
,"どうしよう、どうしよう……"
2557,"{{K724}}"
2558,"来たな、REDチームめ。"
,"ここは楽しい場所だから、絶対に渡さないぞ！"
2559,"{{K727}}"
2560,"やあ、こんにちは。"
,"Townでわからない事があるなら教えてあげるよ。"
2561,"買い物をするにはどうすればいいの？"
2562,"Dancingを遊ぶにはどうすればいいの？"
2563,"わかってるから別にいいよ。"
2564,"{{K727}}"
2565,"買い物をしたいなら向かって右にいるGift Shopに"
,"入ってごらんよ。"
,"チームカラーのグッズ等が売ってるよ。"
2566,"{{K727}}"
2567,"DancingはNight Clubの中で遊ぶんだ。{{K782}}に"
,"話しかければ案内してくれるらしいけど……"
,"今はいないね。また後で来るといいよ。"
2568,"{{K727}}"
2569,"そうか、それならいいや。"
,"じゃあね、REDチームの人。"
2570,"{{K786}}"
2571,"君はREDチームの子だね。"
,"Dockをコンカーしたいなら、まずはイベンツを"
,"クリアしてもらうよ？"
2572,"どんなイベンツでもクリアしてみせるよ！"
2573,"イベンツのミッション内容を教えて！"
2574,"今はやめておく。"
2575,"{{K786}}"
2576,"よろしい、では正々堂々と戦ってくるように。"
,"検討を祈る。"
2577,"{{K710}}"
2578,"あれ、君はREDチームだよね！"
,"ここを攻めてきたのか？"
,"早くみんなに知らせないと！わくわくする！"
2579,"{{K714}}"
2580,"来たな、REDチームめ。 でも、このエリアは絶対に"
,"渡さないからな。相手してやる！"
2581,"{{K717}}"
2582,"待っていたよ、REDチーム。"
,"正々堂々と勝負しよう。"
2583,"{{K730}}"
2584,"REDチームは最初TownとDockを狙うことに決めたと"
,"聞いたよ。正直、我々がいるBeachにまだ攻めて"
,"こないということにほっとしたよ！"
2585,"{{K734}}"
2586,"いやー、ここは美しくて素晴らしいね。"
,"Yellowチームのホームにぴったりだよ。"
2587,"{{K731}}"
2588,"ふー、いい天気だなー。"
2589,"{{K702}}"
2590,"次はいよいよDockだね。"
,"Blueチームと決着をつけよう！"
2591,"{{K706}}"
2592,"お疲れさま。次はTownだね。"
,"がんばってくれよ、{{T}}"
2593,"{{K786}}"
2594,"やあ。イベンツに勝利したのはキミ達か。"
,"今からコンカーチャレンジをしてもらうよ。"
2595,"{{K786}}"
2596,"グリーンチームより変な顔をしてタウンを盛り上げ"
,"られたら、コンカーを認めてあげよう。"
2597,"{{K786}}"
2598,"BLUEチームのチームワークは最高だ。キミ達が"
,"それを上回れば、きっと勝利する事ができるだろう。"
2599,"{{K786}}"
2600,"１種目でチームグリーンに勝とう！ だよ。"
,"レッドの力を見せてやれ。"
2601,"{{K786}}"
2602,"１種目でチームブルーに勝とう！　だよ。"
,"レッドｖｓブルー、因縁の対決だな。"
2603,"{{K786}}"
2604,"コンカーをかけて百面相のチャレンジに"
,"もう一度挑戦するかい？"
2605,"チャレンジに挑戦するよ！"
2606,"チャレンジのコツを教えてよ。"
2607,"今はやめておく。"
2608,"{{K786}}"
2609,"勝利はすぐそこだよ、{{T}}!"
2610,"{{K786}}"
2611,"コンカーをかけて看板を塗りつぶせの"
,"チャレンジにもう一度挑戦するかい？"
2612,"チャレンジに挑戦するよ！"
2613,"チャレンジのコツを教えてよ。"
2614,"今はやめておく。"
2615,"{{K786}}"
2616,"がんばってきなよ、{{T}}!"
2617,"{{K786}}"
2618,"実際に自分の顔で真似てみると覚えやすい"
,"かもしれないね。"
2619,"{{K786}}"
2620,"邪魔をしてくるペンギンを逆に邪魔する"
,"事ができれば楽になるかもしれないね。"
2621,"{{K700}}"
2622,"今回のターゲットはBeachとSki Villageだ。"
,"この調子でどんどんコンカーしていこうぜ。"
2623,"{{K700}}"
2624,"よし、だいぶREDチームのエリアが増えてきたな。"
,"さあ、次はSki Villageだ。"
2625,"{{K700}}"
2626,"よし、次はBeachだな。"
,"新参のYellowチームをやっつけるぞ！"
2627,"{{K702}}"
2628,"やあ、{{T}}"
,"ここの見張りは僕にまかせてよ。"
2629,"{{K706}}"
2630,"やあ、順調にREDエリアを増やせてるね。"
,"次のエリアのコンカーもまかせたよ。"
2631,"{{K786}}"
2632,"君はREDチームの子だね。"
,"Beachをコンカーするためにイベンツに挑戦する"
,"かい？"
2633,"どんなイベンツでもクリアしてみせるよ！"
2634,"イベンツのミッション内容を教えて！"
2635,"今はやめておく。"
2636,"{{K786}}"
2637,"よろしい、では正々堂々と戦ってくるように。"
,"検討を祈る。"
2638,"{{K734}}"
2639,"ついにきたか、REDチーム……"
,"勢いだけじゃ勝てないってことを思いしらせて"
,"やる。"
2640,"{{K731}}"
2641,"うわわわ……REDチームが攻めてきた！"
2642,"{{K786}}"
2643,"君はREDチームの子だね。"
,"Ski Villageは全チームがコンカーを狙っているよ。"
,"君達も挑戦するかい？"
2644,"どんなイベンツでもクリアしてみせるよ！"
2645,"イベンツのミッション内容を教えて！"
2646,"今はやめておく。"
2647,"{{K786}}"
2648,"よろしい、では正々堂々と戦ってくるように。"
,"検討を祈る。"
2649,"{{K710}}"
2650,"これ以上REDチームの好きなようにはさせないぞ！"
2651,"{{K720}}"
2652,"ここを俺たちの新しいホームエリアにするぞ！"
2653,"{{K730}}"
2654,"ここは山の景色が美しいね。"
,"Yellowチームのエリアにするにはぴったりだよ。"
2655,"{{K704}}"
2656,"よくやった！　次はSki Villageだな。"
,"そろそろ優勝も見えてきたな。"
2657,"{{K705}}"
2658,"おつかれさま！"
,"次はYellowチームのいるBeachだね。"
2659,"{{K786}}"
2660,"今から大きな彫刻をしてもらいます。素晴らしい"
,"彫刻を作れたら、コンカーさせてあげよう。"
2661,"{{K710}}"
2662,"雪だるまを完成させたチームがここをコンカー"
,"するのだ！REDチームには負けないぞ！！"
2663,"{{K786}}"
2664,"Ski Villageをコンカーしたければ、私を納得させ"
,"られる雪だるまを作ってごらん。"
2665,"{{K710}}"
2666,"ゆきだるまをかんせいさせたチームがここをコンカーするのだ！"
2667,"{{K710}}"
2668,"REDチームにはまけないぞ！！"
2669,"{{K786}}"
2670,"2種目でチームイエローに勝とう！ だよ。"
,"もちろん、全部で勝ってもいいんだぞ。"
2671,"{{K786}}"
2672,"2種目で1位以内に入ろう！　だよ。"
,"得意なイベントは確実に上位を狙って"
,"いくと良いかもしれないね。"
2673,"{{K786}}"
2674,"コンカーをかけてジャックハンマー彫刻の"
,"チャレンジにもう一度挑戦するかい？"
2675,"チャレンジに挑戦するよ！"
2676,"チャレンジのコツを教えてよ。"
2677,"今はやめておく。"
2678,"{{K786}}"
2679,"がんばってこいよ！ {{T}}!"
2680,"{{K786}}"
2681,"コンカーをかけて巨大雪だるま作成の"
,"チャレンジにもう一度挑戦するかい？"
2682,"チャレンジに挑戦するよ！"
2683,"チャレンジのコツを教えてよ。"
2684,"今はやめておく。"
2685,"{{K786}}"
2686,"完成を楽しみにしてるよ、{{T}}!"
2687,"{{K786}}"
2688,"緑のゲージに合わせて、加減しながら"
,"リモコンを振ることが大事だよ。"
2689,"{{K786}}"
2690,"自分の操作しやすいルートを見つける事が"
,"攻略のキーポイントになると思うよ。"
2691,"{{K703}}"
2692,"やあ、{{T}}"
,"あとはSki Hillを残すだけだね。"
2693,"{{K702}}"
2694,"REDチームの優勝まであと少しだね。"
,"お互いがんばろう。"
2695,"{{K704}}"
2696,"やあ、{{T}}"
,"最後のSKi Hillのイベンツでも頼りに"
,"してるからな。"
2697,"{{K706}}"
2698,"ふふふ、もうすぐREDチームの優勝だねー。"
2699,"{{K705}}"
2700,"あと１エリア落とせば僕達の勝利か……"
,"よし、がんばるぞ。"
2701,"{{K786}}"
2702,"君はREDチームの子だね。"
,"Ski Hillをコンカーしたいなら"
,"イベンツに挑戦してもらうよ。"
2703,"どんなイベンツでもクリアしてみせるよ！"
2704,"イベンツのミッション内容を教えて！"
2705,"今はやめておく。"
2706,"{{K786}}"
2707,"よろしい、では正々堂々と戦ってくるように。"
,"検討を祈る。"
2708,"{{K700}}"
2709,"最後のエリアだ、全力でいくぞ！"
2710,"{{K714}}"
2711,"このままREDチームに全エリアを"
,"占領されるわけにはいかないぞ……"
2712,"{{K724}}"
2713,"まだまだスポーツイベントは終わらせないぞ。"
,"Ski Hillだけは死守しないと。"
2714,"{{K734}}"
2715,"このSKi Hillを取って、一気に巻き返すぞ。"
2716,"{{K700}}"
2717,"ここを落とすと完全制覇だ！期待しているぞ。"
2718,"{{K786}}"
2719,"3種目でチームグリーンに勝とう!　だよ。"
,"全て１位を取るくらいの勢いで行った方が"
,"良いかもしれないね。"
2720,"{{K786}}"
2721,"コンカーをかけてカキ氷作り競争の"
,"チャレンジにもう一度挑戦するかい？"
2722,"チャレンジに挑戦するよ！"
2723,"チャレンジのコツを教えてよ。"
2724,"今はやめておく。"
2725,"{{K786}}"
2726,"さあ、もう一息だよ、 {{T}}!"
2727,"{{K786}}"
2728,"無理に雪玉を投げずに、タイミングを"
,"合わせて、じっくりと氷を積み重ねて"
,"いくと良いと思うよ。"
2729,"{{K786}}"
2730,"REDチームの子か。このエリアを"
,"取り返したいか？だったらイベンツを"
,"クリアしてくれよ。"
2731,"どんなイベンツでもクリアしてみせるよ！"
2732,"早速イベンツに挑戦する。"
2733,"今はやめておく。"
2734,"{{K786}}"
2735,"よろしい、では正々堂々と戦って"
,"くるように。検討を祈る。"
2736,"{{K710}}"
2737,"来たな、REDチーム。悪いけどここはコンカー"
,"させてもらったよ。さあ、最後の決着を"
,"つけようじゃない"
,"か。"
2738,"{{K715}}"
2739,"ここはBlueチームの新しい"
,"ホームエリアにするよ。"
2740,"{{K702}}"
2741,"ホームエリアが乗っ取られただって？"
,"なんてこった……"
2742,"{{K706}}"
2743,"くっそー、あとちょっとで"
,"完全勝利だったのにー。"
2744,"{{K704}}"
2745,"まさかSnow Fortsがコンカー"
,"されるなんて……"
2746,"{{K705}}"
2747,"Snow Fortsをとりもどそう！"
," 最終決戦だ！"
2748,"{{K700}}"
2749,"くっそー、BLUEチームのやつらめ！"
2750,"{{K707}}"
2751,"たいへんだよ！"
,"Snow FortsがBlueチームのやつらに"
,"コンカーされちゃった！"
2752,"{{K710}}"
2753,"ここを取りもどしたかったら、"
,"雪合戦で正々堂々勝負だ！"
2754,"{{K786}}"
2755,"全種目でBlueに勝とう　だよ。"
,"他のチームは気にせず、Blueのペンギンに"
,"だけ注目するんだ。"
2756,"{{K786}}"
2757,"コンカーをかけて雪合戦の"
,"チャレンジにもう一度挑戦するかい？"
2758,"チャレンジに挑戦するよ！"
2759,"チャレンジのコツを教えてよ。"
2760,"今はやめておく。"
2761,"{{K786}}"
2762,"さあ、優勝を決めてこい、{{T}}!"
2763,"{{K786}}"
2764,"Redチーム自慢の大砲の威力を見せ付けて"
,"やるんだ。"
2765,"{{K700}}"
2766,"やったな、{{T}}"
,"これでREDチームが最強ってことが証明されたな。"
2767,"{{K706}}"
2768,"いやー、やっぱり一番っていうのは気分いいね！"
2769,"{{K710}}"
2770,"おめでとう、{{T}}"
,"でも、次はREDチームには負けないからな。"
2771,"{{K703}}"
2772,"やあ、{{T}}"
,"一時はどうなることかと思ったねー。"
2773,"{{K704}}"
2774,"島中が真っ赤に染まって壮観だねー。"
2775,"{{K730}}"
2776,"REDの勢いは凄かったなー。"
,"押し切られちゃった感じだよ。"
2777,"{{K705}}"
2778,"{{T}}、大活躍だったじゃないか。さすがだね。"
2779,"{{K724}}"
2780,"僕達の負けだよ、<PC NAME>"
,"でも楽しかったからいいか。"
2781,"{{K701}}"
2782,"やっぱりREDチームが最高だな！"
2783,"{{K734}}"
2784,"こう見ると赤いのもなかなか芸術的だね。"
,"でもやっぱり黄色にしたかったなー。"
2785,"{{K707}}"
2786,"やっぱり勝利という字はREDチームにこそ"
,"ふさわしいよねー。"
2787,"{{K702}}"
2788,"やった、僕たちの優勝だね。"
,"がんばった甲斐があったよ。"
2789,"{{K720}}"
2790,"あーあ、負けちゃったなー。"
,"もう少し良いとこまでいけると思ったんだけど。"
2791,"{{K786}}"
2792,"やあ、{{T}}"
,"もうコンカーには関係ないけど、Snow Fortsのイベンツと"
,"チャレンジをもう一度遊ぶかい。"
2793,"イベンツを遊ぶ。"
2794,"チャレンジを遊ぶ。"
2795,"今はやめておく。"
2796,"{{K786}}"
2797,"よろしい、では楽しんでくるんだよ。"
2798,"{{K786}}"
2799,"やあ、{{T}}"
,"もうコンカーには関係ないけど、Townのイベンツと"
,"チャレンジをもう一度遊ぶかい。"
2800,"イベンツを遊ぶ。"
2801,"チャレンジを遊ぶ。"
2802,"今はやめておく。"
2803,"{{K786}}"
2804,"よろしい、では楽しんでくるんだよ。"
2805,"{{K786}}"
2806,"やあ、{{T}}"
,"もうコンカーには関係ないけど、Dockのイベンツと"
,"チャレンジをもう一度遊ぶかい。"
2807,"イベンツを遊ぶ。"
2808,"チャレンジを遊ぶ。"
2809,"今はやめておく。"
2810,"{{K786}}"
2811,"よろしい、では楽しんでくるんだよ。"
2812,"{{K786}}"
2813,"やあ、{{T}}"
,"もうコンカーには関係ないけど、Beachのイベンツと"
,"チャレンジをもう一度遊ぶかい。"
2814,"イベンツを遊ぶ。"
2815,"チャレンジを遊ぶ。"
2816,"今はやめておく。"
2817,"{{K786}}"
2818,"よろしい、では楽しんでくるんだよ。"
2819,"{{K786}}"
2820,"やあ、{{T}}"
,"もうコンカーには関係ないけど、Ski Villageのイベンツと"
,"チャレンジをもう一度遊ぶかい。"
2821,"イベンツを遊ぶ。"
2822,"チャレンジを遊ぶ。"
2823,"今はやめておく。"
2824,"{{K786}}"
2825,"よろしい、では楽しんでくるんだよ。"
2826,"{{K786}}"
2827,"やあ、{{T}}"
,"もうコンカーには関係ないけど、Ski Hillのイベンツと"
,"チャレンジをもう一度遊ぶかい。"
2828,"イベンツを遊ぶ。"
2829,"チャレンジを遊ぶ。"
2830,"今はやめておく。"
2831,"{{K786}}"
2832,"よろしい、では楽しんでくるんだよ。"
2833,"{{K786}}"
2834,"やあ、{{T}}"
,"もうコンカーには関係ないけど、Snow Fortsのイベンツと"
,"チャレンジをもう一度遊ぶかい。"
2835,"イベンツを遊ぶ。"
2836,"チャレンジを遊ぶ。"
2837,"今はやめておく。"
2838,"{{K786}}"
2839,"よろしい、では楽しんでくるんだよ。"
2840,"{{K786}}"
2841,"やあ、{{T}}"
,"もうコンカーには関係ないけど、Townのイベンツと"
,"チャレンジをもう一度遊ぶかい。"
2842,"イベンツを遊ぶ。"
2843,"チャレンジを遊ぶ。"
2844,"今はやめておく。"
2845,"{{K786}}"
2846,"よろしい、では楽しんでくるんだよ。"
2847,"{{K786}}"
2848,"やあ、{{T}}"
,"もうコンカーには関係ないけど、Dockのイベンツと"
,"チャレンジをもう一度遊ぶかい。"
2849,"イベンツを遊ぶ。"
2850,"チャレンジを遊ぶ。"
2851,"今はやめておく。"
2852,"{{K786}}"
2853,"よろしい、では楽しんでくるんだよ。"
2854,"{{K786}}"
2855,"やあ、{{T}}"
,"もうコンカーには関係ないけど、Beachのイベンツと"
,"チャレンジをもう一度遊ぶかい。"
2856,"イベンツを遊ぶ。"
2857,"チャレンジを遊ぶ。"
2858,"今はやめておく。"
2859,"{{K786}}"
2860,"よろしい、では楽しんでくるんだよ。"
2861,"{{K786}}"
2862,"やあ、{{T}}"
,"もうコンカーには関係ないけど、Ski Villageのイベンツと"
,"チャレンジをもう一度遊ぶかい。"
2863,"イベンツを遊ぶ。"
2864,"チャレンジを遊ぶ。"
2865,"今はやめておく。"
2866,"{{K786}}"
2867,"よろしい、では楽しんでくるんだよ。"
2868,"{{K786}}"
2869,"やあ、{{T}}"
,"もうコンカーには関係ないけど、Ski Hillのイベンツと"
,"チャレンジをもう一度遊ぶかい。"
2870,"イベンツを遊ぶ。"
2871,"チャレンジを遊ぶ。"
2872,"今はやめておく。"
2873,"{{K786}}"
2874,"よろしい、では楽しんでくるんだよ。"
2875,"{{K786}}"
2876,"やあ、{{T}}"
,"もうコンカーには関係ないけど、Snow Fortsのイベンツと"
,"チャレンジをもう一度遊ぶかい。"
2877,"イベンツを遊ぶ。"
2878,"チャレンジを遊ぶ。"
2879,"今はやめておく。"
2880,"{{K786}}"
2881,"よろしい、では楽しんでくるんだよ。"
2882,"{{K786}}"
2883,"やあ、{{T}}"
,"もうコンカーには関係ないけど、Townのイベンツと"
,"チャレンジをもう一度遊ぶかい。"
2884,"イベンツを遊ぶ。"
2885,"チャレンジを遊ぶ。"
2886,"今はやめておく。"
2887,"{{K786}}"
2888,"よろしい、では楽しんでくるんだよ。"
2889,"{{K786}}"
2890,"やあ、{{T}}"
,"もうコンカーには関係ないけど、Dockのイベンツと"
,"チャレンジをもう一度遊ぶかい。"
2891,"イベンツを遊ぶ。"
2892,"チャレンジを遊ぶ。"
2893,"今はやめておく。"
2894,"{{K786}}"
2895,"よろしい、では楽しんでくるんだよ。"
2896,"{{K786}}"
2897,"やあ、{{T}}"
,"もうコンカーには関係ないけど、Beachのイベンツと"
,"チャレンジをもう一度遊ぶかい。"
2898,"イベンツを遊ぶ。"
2899,"チャレンジを遊ぶ。"
2900,"今はやめておく。"
2901,"{{K786}}"
2902,"よろしい、では楽しんでくるんだよ。"
2903,"{{K786}}"
2904,"やあ、{{T}}"
,"もうコンカーには関係ないけど、Ski Villageのイベンツと"
,"チャレンジをもう一度遊ぶかい。"
2905,"イベンツを遊ぶ。"
2906,"チャレンジを遊ぶ。"
2907,"今はやめておく。"
2908,"{{K786}}"
2909,"よろしい、では楽しんでくるんだよ。"
2910,"{{K786}}"
2911,"やあ、{{T}}"
,"もうコンカーには関係ないけど、Ski Hillのイベンツと"
,"チャレンジをもう一度遊ぶかい。"
2912,"イベンツを遊ぶ。"
2913,"チャレンジを遊ぶ。"
2914,"今はやめておく。"
2915,"{{K786}}"
2916,"よろしい、では楽しんでくるんだよ。"
2917,"{{K786}}"
2918,"やあ、{{T}}"
,"もうコンカーには関係ないけど、Snow Fortsのイベンツと"
,"チャレンジをもう一度遊ぶかい。"
2919,"イベンツを遊ぶ。"
2920,"チャレンジを遊ぶ。"
2921,"今はやめておく。"
2922,"{{K786}}"
2923,"よろしい、では楽しんでくるんだよ。"
2924,"{{K786}}"
2925,"やあ、{{T}}"
,"もうコンカーには関係ないけど、Townのイベンツと"
,"チャレンジをもう一度遊ぶかい。"
2926,"イベンツを遊ぶ。"
2927,"チャレンジを遊ぶ。"
2928,"今はやめておく。"
2929,"{{K786}}"
2930,"よろしい、では楽しんでくるんだよ。"
2931,"{{K786}}"
2932,"やあ、{{T}}"
,"もうコンカーには関係ないけど、Dockのイベンツと"
,"チャレンジをもう一度遊ぶかい。"
2933,"イベンツを遊ぶ。"
2934,"チャレンジを遊ぶ。"
2935,"今はやめておく。"
2936,"{{K786}}"
2937,"よろしい、では楽しんでくるんだよ。"
2938,"{{K786}}"
2939,"やあ、{{T}}"
,"もうコンカーには関係ないけど、Beachのイベンツと"
,"チャレンジをもう一度遊ぶかい。"
2940,"イベンツを遊ぶ。"
2941,"チャレンジを遊ぶ。"
2942,"今はやめておく。"
2943,"{{K786}}"
2944,"よろしい、では楽しんでくるんだよ。"
2945,"{{K786}}"
2946,"やあ、{{T}}"
,"もうコンカーには関係ないけど、Ski Villageのイベンツと"
,"チャレンジをもう一度遊ぶかい。"
2947,"イベンツを遊ぶ。"
2948,"チャレンジを遊ぶ。"
2949,"今はやめておく。"
2950,"{{K786}}"
2951,"よろしい、では楽しんでくるんだよ。"
2952,"{{K786}}"
2953,"やあ、{{T}}"
,"もうコンカーには関係ないけど、Ski Hillのイベンツと"
,"チャレンジをもう一度遊ぶかい。"
2954,"イベンツを遊ぶ。"
2955,"チャレンジを遊ぶ。"
2956,"今はやめておく。"
2957,"{{K786}}"
2958,"よろしい、では楽しんでくるんだよ。"
2959,"{{K770}}"
2960,"やあ！{{T}}！"
,"PENGUIN STYLEのカタログをみるかい？"
2961,"はい！カタログを見せて！"
2962,"アイテムを買いたい！"
2963,"こんどでいいや またね。"
2964,"{{K770}}"
2965,"やあ！{{T}}！"
,"新しいグッズが入荷されたよ！"
,"PENGUIN STYLEのカタログをみるかい？"
2966,"はい！カタログを見せて！"
2967,"アイテムを買いたい！"
2968,"こんどでいいや またね。"
2969,"Sport Shop's Salesman"
2970,"やあ！{{T}}！"
,"Snow and Sportsのカタログをみるかい？"
2971,"はい！カタログを見せて！"
2972,"アイテムを買いたい！"
2973,"こんどでいいや またね。"
2974,"{{K700}}"
2975,"このGame DayではREDチームの強さを"
,"みんなに見せつけてやるからな。"
2976,"{{K786}}"
2977,"GREENのメンバーはこんな調子なんだけど……"
,"Townをコンカーするかい？"
,"だったら、まずはイベンツをクリアしてもらうよ？"
2978,"どんなイベンツでもクリアしてみせるよ！"
2979,"イベンツのミッション内容を教えて！"
2980,"今はやめておく。"
2981,"{{K786}}"
2982,"よろしい、では正々堂々と戦ってくるように。"
,"健闘を祈る。"
2983,"{{K724}}"
2984,"えーっと、まずはショップにいって買い物をして、"
,"そのあとコーヒーを飲んで、イベントで遊んで……"
2985,"{{K720}}"
2986,"ひゃっほーーーーー！"
2987,"{{K727}}"
2988,"やあ、こんにちは。"
,"Townでわからない事があるなら教えてあげるよ。"
2989,"買い物をするにはどうすればいいの？"
2990,"Dancingを遊ぶにはどうすればいいの？"
2991,"わかってるから別にいいよ。"
2992,"{{K727}}"
2993,"買い物をしたいなら向かって右にいるGift Shopに"
,"入ってごらんよ。"
,"チームカラーのグッズ等が売ってるよ。"
2994,"{{K727}}"
2995,"DancingはNight Clubの中で遊ぶんだ。{{K782}}に"
,"話しかければ案内してくれるらしいけど……"
,"今はいないね。また後で来るといいよ。"
2996,"{{K727}}"
2997,"そうか、それならいいや。"
,"じゃあね、YELLOWチームの人。"
2998,"{{K732}}"
2999,"Townコンカー成功だ！ やったね、いえーい！"
3000,"{{K786}}"
3001,"君はYELLOWチームの子だね。"
,"The Dockをコンカーしたいなら、まずはイベンツを"
,"クリアしてもらうよ？"
3002,"どんなイベンツでもクリアしてみせるよ！"
3003,"イベンツのミッション内容を教えて！"
3004,"今はやめておく。"
3005,"{{K786}}"
3006,"よろしい、では正々堂々と戦ってくるように。"
,"健闘を祈る。"
3007,"{{K714}}"
3008,"ようこそ、挑戦を歓迎するよ。"
,"でも、BLUEチームは絶対負けないからな。"
3009,"{{K710}}"
3010,"キミ達が新カラーのYELLOWチームだね。"
,"なかなか良さそうなチームだね。"
3011,"{{K715}}"
3012,"キミが噂のYELLOWチームの人かー。"
,"はじめて見るよ。"
3013,"{{K733}}"
3014,"きれいな海と広いスペース。"
,"そして展示品のスレッドも興味深い。"
,"ここは素晴らしい場所だね。"
3015,"{{K734}}"
3016,"まずはDockをコンカーしようよ。"
,"きれいな海を全てYELLOWチームの物にしよう。"
3017,"{{K734}}"
3018,"次はいよいよDockにチャレンジだね。"
,"コンカーはまかせたよ。"
3019,"{{K734}}"
3020,"Dockをコンカーしたんだね。"
,"これで海はYELLOWチームの物だね。"
3021,"{{K735}}"
3022,"最初はTownをコンカーしたいなあ。"
,"あの賑やかさがYELLOWにぴったりだと思うんだ。"
3023,"{{K735}}"
3024,"やったー、Townをコンカーしたんだね。"
,"あとで見に行こうっと。"
3025,"{{K735}}"
3026,"次はTownだね。"
,"あの町並みが黄色に変わるのが楽しみだなー。"
3027,"{{K730}}"
3028,"まずは近場のDockかTownをコンカーしよう。"
,"徐々にYELLOWが島中に広がっていくのが"
,"美しいと思うんだ。"
3029,"{{K730}}"
3030,"素晴らしい、もうTownをコンカーしたのか。"
,"じゃあ次はDockだね。よろしく頼むぞ。"
3031,"{{K730}}"
3032,"素晴らしい、もうDockをコンカーしたのか。"
,"じゃあ次はTownだね。よろしく頼むぞ。"
3033,"{{K730}}"
3034,"Yellowチームに入ってくれてありがとう。"
,"じゃあ最初にゲームデイの説明をするね。"
3035,"{{K730}}"
3036,"ゲームデイの６つのイベントゾーンで審判に"
,"話しかけると、それぞれに用意されたイベン"
,"ツとチャレンジに挑戦できるんだ。"
3037,"{{K730}}"
3038,"イベンツとチャレンジをクリアすると、その"
,"ゾーンをコンカーでき、６つ全てのゾーンを"
,"コンカーしたチームがゲームデイの勝者になるんだ。"
3039,"{{K730}}"
3040,"さあ、島を美しい黄色に染めにいこう。"
,"そしたらきっとみんなハッピーな気分になれるよ。"
3041,"{{K730}}"
3042,"何か聞きたいことがあるかい？"
3043,"もう一度ゲームデイについて聞きたい。"
3044,"どこを攻めればいいんだっけ？"
3045,"いや、大丈夫だよ。"
3046,"{{K786}}"
3047,"青チームのチームワークは最高だ。"
,"キミ達がそれを上回れば、きっと勝利するコトが"
,"できるだろう"
3048,"{{K786}}"
3049,"キミ達は緑チームよりこのTownをハッピーにする"
,"コトができるかな？"
3050,"{{K786}}"
3051,"1種目2位に入ろう！　だよ。"
,"まあ、ウォーミングアップってところだね。"
3052,"{{K786}}"
3053,"コインを15枚とろう！　だよ。"
,"コインを取りやすいイベントを見つけるのが大事だね。"
3054,"{{K786}}"
3055,"コンカーをかけて百面相の"
,"チャレンジにもう一度挑戦するかい？"
3056,"チャレンジに挑戦するよ！"
3057,"チャレンジのコツを教えてよ。"
3058,"今はやめておく。"
3059,"{{K786}}"
3060,"集中しろよ、{{T}}!"
3061,"{{K786}}"
3062,"コンカーをかけて看板を塗りつぶせの"
,"チャレンジにもう一度挑戦するかい？"
3063,"チャレンジに挑戦するよ！"
3064,"チャレンジのコツを教えてよ。"
3065,"今はやめておく。"
3066,"{{K786}}"
3067,"がんばってこいよ、{{T}}!"
3068,"{{K786}}"
3069,"実際に自分の顔で真似てみると覚えやすい"
,"かもしれないね。"
3070,"{{K786}}"
3071,"邪魔をしてくるペンギンを逆に邪魔する"
,"事ができれば楽になるかもしれないね。"
3072,"{{K786}}"
3073,"君はYELLOWチームの子だね。"
,"Snow Fortsをコンカーしたいなら、まずはイベンツを"
,"クリアしてもらうよ？"
3074,"どんなイベンツでもクリアしてみせるよ！"
3075,"イベンツのミッション内容を教えて！"
3076,"今はやめておく。"
3077,"{{K786}}"
3078,"よろしい、では正々堂々と戦ってくるように。"
,"健闘を祈る。"
3079,"{{K700}}"
3080,"新参のYELLOWチームになんて、絶対に負けないぞ。"
3081,"{{K731}}"
3082,"これで島の大半が黄色に染まったわけだね。"
,"さあ、この勢いでビレッジもコンカーしちゃおう。"
3083,"{{K732}}"
3084,"やはり黄色にそまったTownは美しいな。"
,"いやっほーーーー！"
3085,"{{K733}}"
3086,"Ski Villageも早く黄色に染まらないかなー。"
,"山々の景色に黄色が映えると思うんだ。"
3087,"{{K733}}"
3088,"Ski Villageもコンカーしたのか。"
,"後で景色を見に行くのが楽しみだよ。"
3089,"{{K735}}"
3090,"島中がどんどん黄色にそまっていくねー。"
,"なんだがとてもハッピーな気分だよ。"
3091,"{{K730}}"
3092,"次はSnow FortsかSki Villageか……それが問題だ。"
3093,"{{K730}}"
3094,"コンカー、おつかれさま。次はSnow Fortsだね。"
,"よろしく頼むよ、<PC NAME>"
3095,"{{K730}}"
3096,"コンカー、おつかれさま。次はSki Villageだね。"
,"よろしく頼むよ、<PC NAME>"
3097,"{{K786}}"
3098,"君はYELLOWチームの子だね。"
,"Ski Villageをコンカーしたいなら、まずはイベンツを"
,"クリアしてもらうよ？"
3099,"どんなイベンツでもクリアしてみせるよ！"
3100,"イベンツのミッション内容を教えて！"
3101,"今はやめておく。"
3102,"{{K786}}"
3103,"よろしい、では正々堂々と戦ってくるように。"
,"健闘を祈る。"
3104,"{{K724}}"
3105,"ホームエリアはなくなっちゃったけど、まだまだ"
,"これからがんばるぞ。"
3106,"{{K734}}"
3107,"ここも黄色のエリアに生まれ変わるんだね。"
,"わくわくするよ。"
3108,"{{K704}}"
3109,"ここをコンカーして反撃に転じるんだ。"
,"特にYELLOWには負けないぞ！"
3110,"{{K704}}"
3111,"YELLOWチームめ、よくも俺たちのホームエリアを・"
,"取りやがったな。ここではそうは行かないぞ！"
3112,"{{K714}}"
3113,"The Dockの借りはここで返させてもらうよ。"
,"正々堂々勝負だ！"
3114,"{{K734}}"
3115,"コンカーおつかれさま。"
,"残るはあと２箇所、次はSnow Fortsだね。"
3116,"{{K700}}"
3117,"お前たちが最近調子に乗っている"
,"新チームのYELLOWチームか？ "
3118,"{{K700}}"
3119,"もういくつかのエリアをコンカー"
,"しているらしいじゃないか。"
3120,"{{K700}}"
3121,"でも最高のチームはREDチームだ！"
,"それを思い知らせてやるぞ。"
,"俺たちと戦え！"
3122,"{{K700}}"
3123,"ここをコンカーしたけりゃ雪合戦で"
,"勝負だ！俺たちレッドチームに"
,"勝てるかな？"
3124,"{{K786}}"
3125,"Ski Village をコンカーするには頭脳明晰な"
,"クールさが必要になる。"
,"キミ達にはそれがあるかな？"
3126,"{{K786}}"
3127,"キミたちのセンスと表現力で見事僕の動きを再現"
,"できるかな？それができればYELLOWチームを"
,"認めてコンカーさせてあげよう。"
3128,"{{K786}}"
3129,"1種目で１位をとろう！ だよ。"
,"得意なイベントを見つけるんだ。"
3130,"{{K786}}"
3131,"2種目で１位をとろう！　だよ。"
,"得意なイベントを作っておけば今後も楽になるだろう。"
3132,"{{K786}}"
3133,"コンカーをかけて雪合戦の"
,"チャレンジにもう一度挑戦するかい？"
3134,"チャレンジに挑戦するよ！"
3135,"チャレンジのコツを教えてよ。"
3136,"今はやめておく。"
3137,"{{K786}}"
3138,"全力でぶつかってこい、{{T}}!"
3139,"{{K786}}"
3140,"コンカーをかけて審判の真似をしろの"
,"チャレンジにもう一度挑戦するかい？"
3141,"チャレンジに挑戦するよ！"
3142,"チャレンジのコツを教えてよ。"
3143,"今はやめておく。"
3144,"{{K786}}"
3145,"落ち着いていけよ、{{T}}!"
3146,"{{K786}}"
3147,"一箇所に留まると狙われるから、適度に動きながら"
,"相手を倒していくと良いかもしれないね。"
3148,"{{K786}}"
3149,"お題の順番を何度も声に出しながらやると"
,"記憶しやすいかもしれないね。"
3150,"{{K731}}"
3151,"いよいよ島中が黄色に染まるんだな。"
,"わくわくするけど、ちょっと緊張もしてきたよ。"
3152,"{{K732}}"
3153,"はぁ……はぁ……"
,"うれしくて踊り続けてたら、疲れてきちゃったよ。"
3154,"{{K733}}"
3155,"あとはSki Hillを残すのみだね。"
,"最後の瞬間をここから見守っているよ。"
3156,"{{K735}}"
3157,"もうほとんどのエリアが黄色に染まってハッピーだよ。"
,"最後もがんばってね。"
3158,"{{K734}}"
3159,"もうちょっとで黄色い島が完成するんだね。"
,"これはもう巨大なアートだね。"
3160,"{{K786}}"
3161,"Yellowチームの子か、もう少しで完全制覇だな。"
,"さあ、このエリアのコンカーのためにイベンツに"
,"挑戦するかい？"
3162,"どんなイベンツでもクリアしてみせるよ！"
3163,"イベンツのミッション内容を教えて！"
3164,"今はやめておく。"
3165,"{{K786}}"
3166,"よろしい、では正々堂々と戦ってくるように。"
,"健闘を祈る。"
3167,"{{K730}}"
3168,"いよいよ最後のエリアだね。ここをコンカーして"
,"黄色の島を完成させよう！"
3169,"{{K710}}"
3170,"やはりYELLOWは良いチームだね……"
,"でも、そうやすやすと完全制覇はさせないぞ。"
3171,"{{K720}}"
3172,"よーし、もうひと盛り上がりさせてやる！"
3173,"{{K700}}"
3174,"今に見てろよ、YELLOWチームめ……"
3175,"{{K786}}"
3176,"イベンツ制覇おめでとう。さあ次はいよいよコンカー"
,"チャレンジだ。キミ達の芸術性が物をいうぞ。"
3177,"{{K786}}"
3178,"もしキミ達がこの場所を盛り上げるコトができたなら、"
,"ここはキミ達のモノだ。やってみるかい？"
3179,"{{K786}}"
3180,"3種目で1位をとろう！　だよ。"
,"全勝するつもりで臨むんだ。"
3181,"{{K786}}"
3182,"コンカーをかけて全員で踊れの"
,"チャレンジにもう一度挑戦するかい？"
3183,"チャレンジに挑戦するよ！"
3184,"チャレンジのコツを教えてよ。"
3185,"今はやめておく。"
3186,"{{K786}}"
3187,"美しいダンスを見せてくれよ。"
3188,"{{K786}}"
3189,"ペンギンとパッフルが踊りをやめそうになったら"
,"また近くにいってやるといいよ。"
3190,"{{K731}}"
3191,"まさかBeachがコンカーされるなんて……"
3192,"{{K736}}"
3193,"くそー、REDチームめ。Snow Fortsをコンカーしたこと"
,"への仕返しのつもりかよ。"
3194,"{{K737}}"
3195,"最後の最後で邪魔するなんて、REDチームはひどい！"
3196,"{{K732}}"
3197,"Beachがコンカーされたのはしょうがないね。"
,"もうひとがんばり頼むよ。"
3198,"{{K733}}"
3199,"REDチームはいつのまにBeachを……"
,"Ski Hillに注目が集まってる間に攻めてきたのかな。"
3200,"{{K700}}"
3201,"見たか、YELLOWチームめ。"
,"最強は俺たちREDチームなんだからな！"
3202,"{{K704}}"
3203,"YELLOWは新参チームのくせにやるじゃないか。"
,"でも快進撃もここまでだよ。"
3204,"{{K701}}"
3205,"見てろよ、ここからREDチームが一気にエリアを"
,"取り返してやるからな。"
3206,"{{K734}}"
3207,"もうちょっとで黄色くてハッピーな島が完成するはず"
,"だったっていうのに……くやしい！"
3208,"{{K786}}"
3209,"君はYELLOWチームの子だね。"
,"Ski Hillをコンカーしたいなら、まずはイベンツを"
,"クリアしてもらうよ？"
3210,"どんなイベンツでもクリアしてみせるよ！"
3211,"イベンツのミッション内容を教えて！"
3212,"今はやめておく。"
3213,"{{K786}}"
3214,"よろしい、では正々堂々と戦ってくるように。"
,"健闘を祈る。"
3215,"{{K730}}"
3216,"大変だ、BeachがREDチームにコンカーされて"
,"しまったようなんだ。"
,"悪いが見に行ってくれるか？"
3217,"{{K700}}"
3218,"おまえたちがここまでやるとは思わなかった。"
3219,"{{K700}}"
3220,"でも、今度は絶対負けないぞ。"
,"俺たちが最強だと証明してやる！！！"
,"勝負だ！！！"
3221,"{{K700}}"
3222,"わー、失敗だー。"
,"削りすぎちゃったー。"
3223,"{{K786}}"
3224,"今から大きな彫刻をしてもらいます。"
,"素晴らしい彫刻を作れたら、"
,"この場所を取り返せます。"
3225,"{{K786}}"
3226,"全種目でチームレッドに勝とう！　だよ。"
,"キミ達の手でホームエリアを取り返すんだ。"
3227,"{{K786}}"
3228,"コンカーをかけてジャックハンマー彫刻の"
,"チャレンジにもう一度挑戦するかい？"
3229,"チャレンジに挑戦するよ！"
3230,"チャレンジのコツを教えてよ。"
3231,"今はやめておく。"
3232,"{{K786}}"
3233,"いい作品を期待してるよ！"
3234,"{{K786}}"
3235,"緑のゲージに合わせて、加減しながら"
,"リモコンを振ることが大事だよ。"
3236,"{{K731}}"
3237,"REDとBLUEの雪投げ合戦……"
,"なかなか絵になりそうだな。"
3238,"{{K732}}"
3239,"島中が黄色になったね。素晴らしいよ。"
,"この芸術性が他のみんなにも理解されるといいな。"
3240,"{{K720}}"
3241,"むむむ、黄色いTownというのもなかなか良いかも？"
,"いや、やっぱり緑の方が……"
3242,"{{K733}}"
3243,"島中を黄色にしたい一心だったのに、まさか優勝"
,"できるなんて、すごいよ。"
3244,"{{K710}}"
3245,"YELLOWチームは素晴らしいチームだったよ。"
,"これからもお互いがんばろう。"
3246,"{{K735}}"
3247,"ここまで黄色に染められたのもキミのおかげだよ。"
,"ありがとう、<PC NAME>"
3248,"{{K736}}"
3249,"Beachが取り返せたようでほっとしたよ。"
3250,"{{K737}}"
3251,"うーん、黄色だらけですばらしくハッピーな景色だ。"
3252,"{{K734}}"
3253,"ふふふ、黄色に囲まれてハッピーだよ。"
,"これからもずっとこのままでもいいくらいだ。"
3254,"{{K700}}"
3255,"くっそー、新参のYELLOWに負けるなんてくやしい！"
,"次は絶対負けないからな。"
3256,"{{K730}}"
3257,"いやー、素晴らしい。島全体が明るくなった感じだね。"
,"<PC NAME>よくやった。"
3258,"{{K724}}"
3259,"おめでとう、YELLOWチーム。"
,"特にキミの活躍はすごかったみたいだね。"
